row_id,rating_num
14785,6
15125,5
13095,5
6079,5
16584,6
18508,5
18731,5
13610,7
21768,3
14463,4
4031,7
22418,6
5288,7
11744,6
4123,5
25449,6
19207,7
4488,6
19810,6
21238,6
18326,8
17178,5
21709,5
4027,6
23561,6
9246,7
14185,6
23650,7
29151,6
2585,7
2286,6
3243,6
14552,7
26746,6
12891,6
21499,6
28160,5
14105,6
17309,6
10918,6
24719,6
21121,6
10532,5
26159,5
12023,4
12018,8
21079,5
9136,3
21235,6
23907,5
8350,6
28069,5
5750,8
27778,5
17016,5
9779,6
17427,7
24122,5
13958,6
1839,7
14444,6
16671,5
106,5
22230,6
25307,5
2292,6
27909,5
26929,5
26110,6
21830,5
25693,7
16496,6
16402,4
26636,5
18458,4
19122,6
21646,4
28172,4
27955,6
1367,7
12203,4
20498,5
19714,6
18249,6
29005,7
25340,5
6245,8
1975,6
25669,5
17560,6
14459,8
29048,7
26839,6
2041,3
13597,6
25721,6
4004,6
8160,4
8958,5
25944,5
10426,7
26295,6
28538,5
24875,5
11587,7
21775,5
2299,7
7789,7
19451,4
12791,7
18833,7
10807,5
16688,6
28470,5
28049,6
25209,6
4283,4
7091,6
26829,5
17428,5
27396,7
24624,4
28772,6
9389,5
29088,6
5090,6
16059,7
7680,6
19217,6
4277,5
6140,5
6797,5
25655,7
4257,7
11931,7
25268,7
9695,4
27086,6
17772,6
28045,6
20788,7
22520,6
5351,7
20320,5
2611,7
29198,5
14716,5
27235,6
20929,6
27307,5
13659,5
29197,8
28730,5
13701,6
26933,7
5976,7
27435,5
870,5
3183,6
10497,6
20692,6
24687,6
11217,7
25124,5
4475,7
22241,7
3782,6
25034,6
205,7
18590,6
1825,5
28862,6
3758,5
29004,4
17773,4
15161,7
14683,6
11875,5
24247,8
1203,6
21696,4
16741,5
24362,6
10656,5
23618,4
14301,6
26200,5
23175,5
3639,6
28233,5
27057,5
25026,6
12961,4
13767,7
26169,7
25838,5
26202,6
22159,6
4777,6
14632,6
11757,6
3116,6
6173,8
3723,2
19493,6
4207,6
14079,6
7613,7
27313,6
19002,6
6266,5
7240,5
25435,7
10288,5
11028,6
6946,4
16405,8
16181,5
4158,9
16780,7
25719,5
15053,4
2644,5
23500,4
1013,7
11715,5
13768,4
4157,6
2333,6
28604,6
25316,6
19298,6
25079,6
8330,7
24317,6
13242,6
25014,5
567,7
7520,3
8926,10
12534,6
21045,5
18722,7
25265,6
15854,5
28524,6
23717,7
21889,5
28064,6
28705,6
23416,7
18346,6
23851,7
28780,5
12118,6
10926,7
6070,6
2149,6
6098,7
19125,6
23985,6
26527,5
4770,7
19567,6
26479,6
24107,7
9029,5
11022,9
1472,5
7356,6
12014,6
24849,4
5104,5
4663,7
25629,6
16195,8
26486,7
2222,6
12833,5
28879,6
5254,7
4805,7
23411,5
2733,6
2961,8
8966,6
25068,7
7403,5
23555,6
5096,4
10018,6
26173,5
11214,6
27201,7
21951,6
1616,6
24284,6
3759,4
8434,5
7195,7
16238,5
14701,7
6611,7
6278,6
13108,6
10740,7
3663,7
28452,5
23436,7
9525,7
24535,7
12981,8
11251,5
18494,6
24445,6
18370,5
1717,7
8488,6
15118,5
100,5
11912,5
11767,6
11762,5
27379,5
10486,5
14239,7
1530,5
8908,4
20365,7
27727,6
4204,6
23190,7
11998,6
9404,5
20662,4
12142,8
16369,6
28203,6
9409,4
16535,8
12063,7
14847,5
21632,5
10505,5
21592,5
12160,6
8186,5
27660,7
22496,6
7879,5
27354,4
16418,8
8997,5
16740,7
5287,8
5862,5
13559,5
16958,6
27076,5
8266,7
25911,6
23520,5
23898,2
13692,5
14658,6
26922,7
8347,6
20056,3
4741,6
17279,5
29217,7
25945,5
8767,4
1166,5
15960,5
14311,7
21810,6
19997,5
15169,4
25937,5
17725,6
13641,5
24920,6
21684,7
11512,5
12680,5
25491,7
26054,6
20773,6
28332,8
12703,5
17532,6
2232,5
26348,7
314,6
20532,5
7344,5
27663,4
13877,7
936,7
415,6
10491,6
2849,7
15176,3
22153,6
25964,6
24634,7
9761,5
12657,7
21657,6
3368,5
6508,7
8569,8
14306,8
2628,7
28416,7
814,5
15886,6
24911,5
24598,5
6618,7
19417,6
27420,6
4020,5
15438,7
20147,6
18869,7
14451,5
20230,8
24443,7
9163,6
26213,6
20409,6
22392,7
17782,6
12043,7
13909,4
10788,7
4955,5
4407,5
7823,7
4234,7
5060,7
21158,6
28782,4
21987,7
2764,7
4756,7
9561,5
7425,2
6221,6
17418,6
15445,5
28024,5
12415,5
6900,8
20066,6
7070,6
22878,8
28990,6
18950,6
26736,5
14564,7
25875,5
23975,6
17167,6
9782,5
21137,5
27115,6
14432,4
16483,6
15096,6
21935,4
2242,7
26559,6
16835,7
11371,6
24750,5
13818,6
14526,5
21613,7
14188,8
8498,4
27476,6
23160,6
11804,8
17417,6
21728,6
8005,5
26567,7
21094,6
4836,6
7192,8
11706,7
6319,6
16843,7
7930,8
20318,7
7113,6
10112,4
15354,7
16435,8
28347,5
25639,6
5954,5
12807,6
28515,5
673,6
28697,6
22608,6
12913,6
27099,6
5196,5
21105,7
17963,7
16691,6
17728,7
17467,7
4746,7
28848,6
20639,5
26082,6
21209,7
365,6
13881,6
6754,6
12065,5
10235,4
25969,5
271,7
26253,6
11721,5
18643,8
17341,6
20653,7
13935,6
13269,5
15893,6
12935,7
4601,6
8661,6
20048,5
5101,7
13504,5
28145,4
23997,4
9599,7
10517,5
17730,6
1918,6
22062,9
21153,5
24505,6
16033,5
21432,6
9279,7
25012,6
7926,8
6330,4
23902,7
7286,6
12606,6
8476,5
12895,7
3984,6
22473,7
5003,7
25624,6
3010,5
13970,6
23163,7
15827,7
20839,7
11748,5
11582,5
3061,7
16909,5
11007,6
28283,6
24046,6
27602,5
13691,4
4110,5
22861,7
22565,7
10976,7
579,7
2174,7
24172,6
13567,7
9384,4
28448,7
5227,6
23141,6
16301,7
9179,6
21573,4
1466,6
2700,5
20826,7
15360,5
7692,6
11528,3
8456,8
31,6
24266,5
28244,6
1064,7
18746,5
18143,4
23569,6
26365,7
26945,5
7509,8
17835,6
10458,7
13586,5
24175,7
4502,5
23691,7
14366,7
23219,6
29161,4
4559,5
16501,6
16267,4
26379,5
6160,6
15917,6
11074,6
15269,6
8328,5
19180,6
13645,6
14187,7
26049,5
16243,6
18781,10
18062,4
8920,5
4394,6
3623,6
27217,7
7245,6
17653,7
19505,6
28267,3
5486,7
28302,5
17755,7
392,7
5577,7
24160,7
4655,8
14357,4
13466,4
19673,6
24000,8
7521,3
27143,6
3982,6
8459,8
26842,5
20012,7
23940,7
8215,9
29109,5
25557,6
12880,6
1104,6
11655,5
21678,5
2478,3
12158,6
20353,7
2040,3
23686,6
12438,7
11754,7
2171,5
26336,4
26282,8
27859,7
5690,5
21967,6
2320,5
13608,5
22264,5
17008,6
28353,6
10265,9
14438,7
26674,6
21479,7
22347,6
27212,7
16317,7
563,8
27595,5
8956,7
7343,5
3013,5
1590,6
28197,5
11950,5
3645,7
21195,4
5733,6
21954,7
6542,5
3938,7
26601,6
14113,6
8466,6
20246,5
28205,3
28465,6
29199,6
13837,6
28905,7
1383,6
2546,6
26984,6
1569,6
17771,5
13494,4
26005,6
26734,5
19005,6
20585,5
24162,5
23549,6
7065,4
26118,5
8258,7
13600,8
14737,6
14516,5
28534,5
7994,8
6999,5
26797,6
23911,4
16450,6
4728,7
7497,6
7375,6
4080,7
11996,4
11068,6
28912,7
7145,4
6363,7
5427,7
1375,4
7152,5
24856,6
17430,7
629,7
6327,8
5972,6
27577,7
26584,5
3000,6
28019,6
14169,7
13255,7
8159,4
22216,7
25830,5
7441,6
2673,4
11842,4
6661,7
12035,6
26093,6
15650,7
26546,6
5236,3
17540,5
15210,7
2533,5
16523,6
22225,6
6335,5
19545,6
19773,6
23552,6
16031,5
5746,5
21936,6
14372,6
14312,7
5128,4
16900,6
17066,5
19022,6
6255,8
14805,6
19764,6
1257,7
27405,8
24821,7
20886,6
1815,2
6086,6
12375,4
4172,5
14517,5
15761,5
2615,2
1507,5
12361,7
28021,6
18824,7
27402,5
12422,5
27734,7
10398,7
118,5
2458,5
5532,5
11840,7
26062,4
6229,6
17589,6
27372,5
1777,4
18337,6
20288,6
18194,6
19008,6
12082,6
21486,6
13467,4
26150,5
2395,5
27502,7
29012,5
16348,8
148,6
27791,5
26712,6
9219,8
13181,6
2071,4
5449,7
15756,5
15485,5
10670,7
26914,5
8783,6
11019,7
26495,7
16167,5
19253,7
12564,4
16485,5
19947,6
12409,7
16513,5
1943,7
24021,6
28756,6
5470,5
10882,7
2035,6
382,5
1109,4
21228,6
20419,6
20060,7
3638,5
11678,6
18907,6
7957,2
4745,7
2674,5
14129,7
5663,5
22066,6
26075,7
17962,5
683,7
10564,7
8888,7
24128,6
26979,4
14258,6
1904,6
24260,7
12852,7
12484,7
20738,5
23271,5
26820,5
10609,5
17180,8
13928,6
13621,6
21703,7
3349,7
22988,6
24574,5
21873,5
21650,7
11339,5
24759,6
20161,5
21802,6
13753,6
25458,5
907,7
3815,5
19886,5
5214,5
24770,5
19705,7
19244,7
15636,7
25984,7
18250,7
24137,6
28325,5
6654,6
19463,5
13180,6
23306,5
3360,7
13959,6
12910,6
20709,7
15076,6
21888,7
13250,6
4497,5
1401,4
17226,4
5595,5
6329,5
6887,6
10943,6
7603,5
20805,7
702,5
2054,7
28011,5
23633,7
19525,6
24485,5
23536,4
2195,5
5444,9
4786,4
7614,5
12418,7
6565,4
22486,6
17280,8
1817,5
28822,5
26749,5
9894,7
26519,6
29127,5
2124,6
21626,6
24835,7
10028,6
14506,6
14272,2
18110,3
20789,7
16565,3
4331,5
6026,6
23374,6
16542,6
7870,6
9815,4
13093,7
10736,3
17784,7
23551,5
17840,7
16116,8
28693,5
9615,5
25799,6
28762,7
2021,6
21743,6
21150,6
24795,5
9422,8
13515,6
15962,7
28226,5
21504,8
21174,6
29057,6
12511,7
864,5
28097,7
2661,6
14238,6
24979,6
27176,6
24898,6
22741,5
26963,4
925,7
27051,5
4637,6
9240,6
17747,7
10659,8
9311,5
13061,6
20392,6
21831,6
13802,5
5521,6
26815,6
15315,4
23113,6
11495,5
27668,6
716,4
11905,5
27951,6
27392,6
24277,6
13832,7
16891,5
18384,4
18350,6
15964,6
15187,5
17645,4
16840,6
24678,5
5902,6
17438,6
1678,7
25297,7
22911,5
8787,6
25386,6
19599,5
19654,7
9574,6
14540,7
15461,5
11743,5
24396,5
16065,5
13889,6
816,7
28602,5
1571,6
15703,6
20177,6
9437,6
20628,6
15449,5
20492,6
1718,5
19055,5
19995,4
4563,8
11604,5
16415,6
20529,7
23112,6
27485,4
15887,8
25872,5
27516,6
15766,5
21450,5
14325,6
14327,8
27286,6
13039,6
5345,6
8268,4
27631,5
14769,5
15744,6
22109,6
12454,7
16069,8
24120,5
7983,7
930,6
22726,6
18835,7
18956,6
3104,4
23303,6
18665,7
8190,5
2648,7
17592,7
23365,6
26948,4
11876,5
21162,7
427,8
16699,6
15770,8
23613,7
24570,5
23660,4
12017,5
4481,7
21273,8
15809,8
26156,8
4569,4
19566,6
6723,5
18442,6
1181,9
3699,8
25160,6
23293,5
16862,6
28141,6
28544,5
6603,6
1949,5
20469,8
1453,4
15681,6
12243,6
27083,5
6982,7
1258,5
6473,5
14047,5
25507,8
27245,5
15028,5
4402,5
10254,5
856,6
20869,3
3835,6
14832,6
14416,5
28173,4
2408,4
24727,6
23490,5
4980,7
28377,5
15327,7
13651,7
15872,6
6388,6
19424,6
8737,7
7718,7
27121,5
12226,4
8073,7
22840,6
17272,5
20851,6
18501,8
6863,2
18157,7
15548,5
17106,6
7243,6
5020,7
17959,7
10812,5
1788,4
19865,6
16279,7
3124,7
2888,7
26648,7
2454,7
26938,4
26974,5
5634,7
14897,7
18144,5
23282,5
20999,7
27757,6
4822,5
26044,7
24844,5
2588,7
7201,7
4950,6
12159,5
23216,6
26827,7
17021,7
4083,4
16825,5
7308,6
22602,6
22659,8
4526,7
15178,6
16750,6
17307,5
1006,7
10479,5
27958,6
18213,8
11386,7
27249,5
6404,7
25578,8
27314,7
18449,5
1180,5
10302,4
26804,4
8540,6
26542,7
20397,6
18468,5
13712,6
28206,6
13943,7
18276,6
25883,5
6227,6
21918,5
15017,8
18407,4
19386,5
28031,7
24950,8
12168,7
19857,7
18324,4
12031,6
24177,6
12179,4
17664,6
5215,6
20537,6
12198,7
5456,7
16820,5
15123,5
24410,4
21200,6
18309,6
29128,5
24739,6
6522,7
25153,4
24139,5
11602,6
25630,4
28957,6
23377,4
18057,5
10982,6
4265,7
11409,5
8189,9
13885,5
15530,8
22150,5
17114,5
24589,7
8394,9
14746,4
21765,6
25093,5
1727,7
12862,6
15923,8
15965,5
8970,5
26978,4
7435,7
3507,4
20262,7
19846,7
23696,6
10241,7
6224,6
4404,7
14903,5
11085,6
11533,5
24455,5
11563,6
22402,7
8659,7
7623,6
22475,8
917,9
16786,5
29100,4
28920,6
22873,6
27163,6
28704,5
2391,8
6578,5
9734,7
22305,7
6871,5
14731,6
13205,6
26437,6
9139,8
6045,7
6412,7
25692,6
20588,5
28580,7
12117,5
5211,4
28529,7
17876,5
21115,5
3527,6
3443,6
28930,6
17093,6
26508,7
18130,5
15657,4
23768,5
959,6
18569,6
20125,4
2492,6
24364,6
7336,5
5780,6
10915,7
18782,10
21799,6
15347,7
19111,5
28370,6
12890,6
19644,6
16064,5
6356,6
21034,7
20085,6
13528,7
12286,5
8413,6
24305,4
17261,6
19611,7
10529,6
7523,5
23755,6
15323,7
7896,5
20584,5
23742,6
24809,6
15322,7
10498,6
22716,7
794,7
5986,6
25190,6
27861,6
8901,6
17882,6
25599,4
9843,7
14389,5
9700,6
14549,5
21128,7
28342,4
22706,5
5473,8
23388,7
29201,6
21416,6
23208,3
9451,6
15653,7
22495,6
26002,6
4701,7
8277,4
12357,5
12463,7
24187,5
26782,6
5069,5
4824,5
5308,6
2987,5
24707,6
27766,5
19168,6
1887,7
24815,6
13291,8
18777,6
27933,5
381,7
20536,5
18139,4
17350,6
23495,7
8359,8
22632,7
20480,5
24544,6
26650,6
14075,6
28120,7
16778,8
14409,5
26555,6
15651,7
25271,8
2161,6
12697,6
23045,5
17666,4
14354,5
15910,5
18418,8
17102,7
25573,7
698,5
6751,7
28536,6
21960,6
2428,5
21424,6
10655,4
17783,6
20403,6
10575,6
23546,6
2537,8
21184,6
26745,5
13398,7
862,6
13819,6
22517,5
9386,6
28089,7
27490,7
22119,7
14876,7
12072,5
23378,5
46,6
24590,6
20681,7
25055,6
7055,5
10350,6
18322,6
24796,5
21772,5
4758,8
13183,8
20833,6
1647,6
17281,7
6577,6
2450,4
24231,7
8253,7
22848,4
25232,6
19972,7
21492,5
24448,6
22108,6
11679,8
6185,8
15075,5
17288,7
10572,3
6959,5
12914,7
4547,6
20627,5
28736,4
20570,7
7876,7
13409,6
14646,7
7417,7
25755,6
28066,6
27192,7
10047,6
28568,4
23464,4
26800,6
4558,4
13007,5
13862,7
4444,6
8640,3
19796,4
25378,4
28723,4
12253,5
21429,8
322,7
13591,6
6917,7
428,7
17403,6
22625,6
12533,6
28117,6
4401,6
5485,6
24581,5
1629,4
4391,7
17536,5
2433,6
20903,6
27561,8
15666,5
7832,7
14041,6
27804,6
27620,7
4320,6
20389,5
23697,6
4890,7
1653,7
17829,5
28304,5
18142,6
26858,6
2675,4
23657,6
79,5
11663,5
1438,5
3218,7
8934,7
25595,7
13129,5
27963,7
8335,6
25370,6
7473,7
26129,5
1584,6
12553,6
27765,6
22948,8
21462,7
16705,7
17714,6
12563,5
25343,7
29085,5
22698,5
9316,4
1480,6
11448,4
3199,5
20078,7
12651,6
5507,9
8647,6
1846,6
28682,6
11523,5
26465,6
17476,5
330,6
19197,6
6457,5
27273,5
18460,6
20122,5
9790,6
20932,6
10027,7
4210,7
10895,6
20968,8
27605,5
16569,6
10759,7
10971,6
798,6
1186,7
20124,4
3665,5
25347,6
26266,6
19036,5
4041,4
4995,6
3625,4
5719,5
28836,7
19229,6
7369,4
11870,7
5618,7
5897,6
14220,6
9663,6
25201,7
9533,7
26280,6
3943,6
17289,5
17372,8
14046,8
15814,5
19219,4
11355,6
11553,6
264,6
19786,6
11550,6
17335,6
8756,6
8234,4
934,8
1101,5
21010,7
4992,5
17293,6
16250,7
26382,7
26789,6
7593,4
19060,6
25282,6
15891,5
8836,6
13690,7
25484,3
20579,5
9017,5
18791,5
7380,7
16518,5
8267,5
9638,5
24005,7
7754,7
23909,7
25123,5
20950,6
18647,7
18233,6
20212,7
26492,4
4183,5
6758,7
15605,7
3593,7
2154,6
5098,5
23317,7
5589,6
25237,6
4590,5
22358,6
26962,6
18163,6
9704,5
17717,6
25898,8
11345,4
25551,7
4685,6
13024,5
9452,5
14625,8
1535,5
28774,4
10035,4
15950,7
5010,5
2952,5
6547,6
17368,5
7427,8
2072,5
404,6
6615,6
4243,6
22939,6
12696,6
24660,6
6637,6
1778,5
23143,5
13686,7
18176,6
15490,5
2526,8
11086,4
22028,6
5016,4
26230,5
17826,6
22804,6
18413,8
14598,6
18308,5
18134,6
28628,4
9650,5
26781,7
22749,5
9113,7
24335,7
15029,5
3483,7
5458,8
2693,4
14551,6
16194,6
5344,5
12956,5
26999,5
20460,5
20793,5
18467,6
29190,5
1207,7
2778,7
10889,6
15719,7
25904,4
15549,6
16234,6
7698,5
1287,7
17328,6
3792,5
5021,5
10782,4
6124,5
23900,7
2297,7
8136,6
12604,4
7498,5
23093,6
11890,4
93,5
28715,7
20421,8
6459,7
2358,6
4052,7
25028,5
27995,5
1414,6
13704,6
15344,5
19994,3
19617,5
13303,7
7586,6
24383,7
17194,6
4476,5
1497,8
19116,7
21484,7
24337,6
11552,6
25422,5
20963,5
15304,7
8431,5
26008,6
23709,5
8963,6
9994,6
21336,6
20611,4
11109,5
3618,7
24336,4
1684,7
14298,6
828,5
29086,5
19502,6
7472,5
18852,6
7027,2
18557,5
10924,7
27421,5
27614,5
27190,6
28181,5
14494,6
16237,7
3472,7
12086,7
17642,4
19676,6
4935,7
26785,7
10885,8
604,7
26573,6
1467,6
1703,3
20976,5
27707,4
19711,7
23091,6
8916,6
7395,1
19990,6
22637,6
17894,6
16504,4
20828,7
14824,4
28694,6
18060,7
18761,6
8045,3
26810,5
22176,6
9186,4
10250,4
18385,4
12836,5
26672,6
4736,6
3540,4
5349,6
23588,5
25276,6
1036,7
12334,5
22548,7
25069,7
15830,5
25476,5
18715,5
20297,6
24818,5
15749,8
28282,5
4719,6
21091,7
23656,6
28975,6
23528,6
28427,5
20576,7
26801,6
13101,3
22583,6
14732,6
13956,7
3148,2
27220,6
642,8
4082,6
2110,7
28511,5
5388,5
18812,6
4922,4
5175,5
21191,6
17584,7
20053,6
5651,7
7653,7
18694,8
22146,6
9385,6
17937,7
14844,6
22579,7
16670,6
17752,9
4212,3
12053,8
26143,7
14031,4
27527,6
229,6
22193,6
25121,7
29105,6
3040,5
3534,7
8938,6
26604,7
7020,6
5649,7
741,5
12385,6
16337,5
1726,7
1750,7
27199,5
16810,5
25326,6
5395,8
10571,7
590,4
26643,5
11453,8
16609,7
18377,6
624,6
21937,7
6139,3
6735,6
14403,6
19648,6
21226,6
2747,4
6606,6
2140,6
8692,4
4318,6
27338,7
19754,6
22823,5
7391,6
18493,9
2522,4
13811,5
14651,6
7440,8
11819,5
9460,6
23646,7
14983,7
23945,7
7612,6
27446,5
6874,6
7814,5
11043,5
12907,6
29129,6
25706,6
1386,6
28732,6
18880,5
7455,6
9448,6
20018,6
13619,6
21434,4
3764,5
20525,8
2698,6
26719,5
21365,5
25709,5
29225,6
26634,7
27196,6
5784,8
28161,6
21705,6
8833,7
2483,5
12646,8
17478,5
16809,5
4855,6
17469,5
25810,5
19251,5
6613,6
16424,6
11378,7
26924,7
24650,5
23138,5
2078,7
27745,5
24496,5
26346,5
2410,5
21134,6
15828,7
25489,6
1372,6
18254,2
855,7
26175,5
10169,3
16608,7
22259,6
25453,5
15407,6
21551,5
26042,6
7178,6
1648,7
19825,7
14514,6
25446,6
7918,8
13251,7
27272,5
25440,5
18406,7
22331,6
27767,5
8721,6
10928,7
23606,6
4548,7
14800,5
4916,9
749,5
12679,7
24441,5
19915,8
12262,7
882,5
6034,6
24776,7
8725,8
8168,5
1252,6
19447,4
14172,5
19196,6
18675,7
1029,7
27133,6
27983,5
23710,5
17283,6
28855,6
12254,5
27718,8
26993,6
2289,5
26756,6
1864,5
9791,6
4538,6
24931,6
23934,6
27475,5
27720,5
25128,7
18752,6
13960,6
2555,6
15,6
7461,7
27206,6
24836,7
8447,7
8437,7
8978,7
9357,7
2415,5
5623,7
2738,7
25313,5
27880,5
3255,6
10342,7
8983,6
21926,6
18923,5
14080,5
24011,6
9651,7
7573,5
5983,7
24449,6
6799,7
19710,6
446,6
25596,6
15184,5
923,6
26043,8
10608,4
19312,7
19761,6
24071,6
21446,4
7548,5
19932,7
7635,6
23658,6
12561,5
6879,8
4579,7
7167,7
15408,6
11992,5
24810,7
27017,6
8036,6
18749,7
16927,6
20394,7
29083,6
6104,7
27511,5
14750,8
1277,8
2921,5
12771,4
9117,4
13091,6
10046,2
19227,5
11816,6
5887,6
8775,8
19444,7
19308,6
18185,6
15276,6
4861,6
13625,6
4981,6
28660,4
12687,5
3323,5
9347,7
7545,5
21376,6
26891,6
5376,7
750,5
28467,6
22139,5
26702,4
2498,6
26469,5
23261,5
9446,7
20906,5
9343,8
11850,5
5558,8
28550,5
27869,4
5077,5
5640,6
3504,6
12215,6
13298,5
1650,7
28196,6
3340,3
28086,5
8832,5
7287,6
11346,5
13493,8
24321,5
21669,8
22417,5
12954,6
27601,5
20809,5
534,8
24910,5
24888,5
144,7
26727,3
12029,7
15954,7
5638,5
22996,6
22080,6
292,6
18886,7
28520,6
275,5
4276,5
12416,5
7932,7
11320,6
2788,6
21907,6
15710,5
15508,6
17249,6
2724,7
21931,6
1495,7
28522,5
6720,4
405,5
18510,5
7968,5
21955,8
7887,3
24334,7
7602,6
12672,5
26640,7
18925,5
9016,5
17183,6
13152,5
835,7
19661,5
12860,7
3301,4
15011,5
4747,7
13576,5
25918,7
12965,5
16819,4
17332,9
27465,7
19967,7
9220,5
21944,4
20461,6
10755,5
5823,6
18338,7
15563,7
23609,7
7021,7
26140,8
1171,5
17702,6
25518,6
28187,7
9109,5
13653,7
16629,6
22031,6
16591,6
24145,7
11412,5
6612,5
28321,6
8882,4
6526,7
12406,5
21159,8
887,7
14828,8
13353,6
24579,6
17924,5
17387,6
8380,7
14471,6
2574,5
4477,5
18287,8
447,7
13030,6
18832,6
19050,5
4213,5
24612,6
8302,5
23809,5
17997,7
13018,6
12676,6
27085,6
25414,6
7134,4
21426,5
7874,7
27879,6
27394,5
13077,6
10485,7
13841,5
20772,6
164,6
12273,7
9475,6
15600,6
24049,8
5670,4
19834,5
25471,5
1265,7
2686,7
19637,5
18542,6
6007,5
16492,7
5410,4
8844,5
17159,4
6039,5
18318,7
25258,7
3817,5
10351,6
21348,7
10268,7
25713,6
2329,7
15035,6
19046,8
7124,5
18822,6
26795,6
27755,6
1206,6
2034,8
22539,7
18526,5
22884,5
10509,8
15619,6
18514,9
8865,5
22405,6
1819,4
23481,4
26415,7
28978,4
16198,8
18492,4
23821,6
18014,7
12705,5
12133,6
12892,6
21251,6
666,4
1081,7
22121,6
17493,8
27651,6
24064,7
13530,6
23103,5
24758,5
7131,6
26314,6
11856,6
27849,6
2429,6
27400,5
20962,6
5866,6
11723,4
24331,6
25493,5
18105,6
6296,6
4612,5
29076,6
25367,6
13512,5
21252,6
28298,6
18565,6
14365,5
10171,7
27404,6
22789,7
12496,5
12905,6
6862,2
22086,6
27260,6
18034,5
17984,6
22764,4
23347,6
28335,7
4134,6
9741,5
19675,7
28714,5
7342,5
5644,8
20613,6
19533,6
24097,7
11501,6
1910,6
22809,6
9287,6
23453,8
7090,5
3882,6
11112,8
27327,6
23766,6
16649,6
19395,4
18270,6
7061,9
17812,6
22987,6
17367,5
26190,6
25677,5
8627,7
22256,7
25374,6
19094,2
7574,8
22013,5
23250,5
19795,4
27024,6
12255,6
26424,5
24932,6
23367,8
8046,6
738,8
28121,5
18639,6
20502,5
3862,6
28867,6
11993,5
5655,7
27978,8
1565,8
13216,8
7039,5
5116,5
22061,6
3841,5
10421,5
12927,7
6576,7
6402,7
25525,7
16335,8
6422,6
20279,6
12464,8
2203,6
21311,5
25040,6
17979,5
28587,7
26609,5
7153,5
9719,5
15511,5
14878,7
27572,4
20642,6
22835,7
27103,6
24933,6
16804,6
20885,5
27325,5
14691,7
5622,6
12120,5
25447,6
15826,4
11510,6
13803,7
8449,7
27626,6
18184,5
28913,5
5362,7
2442,4
20457,6
22665,6
27691,7
24912,7
22978,6
28626,6
5259,5
7566,3
11076,5
695,8
8641,7
13786,4
3942,8
23507,6
891,7
26463,6
5932,5
4192,5
28375,7
15698,5
12267,7
3529,6
25391,6
23434,7
14572,5
73,4
17030,6
6676,6
6088,7
16153,7
13695,6
28621,4
23798,7
18857,6
6763,6
18360,6
4252,5
23509,7
27836,5
21966,6
28475,8
3939,6
20996,7
23274,7
19793,7
774,6
20196,5
9399,4
18271,6
3636,6
6701,7
10002,5
17502,5
28578,5
9344,8
15033,6
3354,5
6066,4
7392,5
20842,6
12854,6
28996,6
28073,7
13428,7
3001,7
7171,6
944,7
2201,7
28562,6
28667,4
28199,5
4000,6
24889,6
21032,6
23483,4
5518,6
14349,7
15414,6
14112,7
21735,6
22639,4
26430,5
26020,4
26388,6
15629,3
8324,4
15066,7
8781,7
2676,4
14959,6
8430,5
26496,5
17455,5
19801,5
20786,7
636,6
12629,6
19981,6
23944,5
21714,6
24576,6
26639,6
3683,5
18797,6
17096,7
3176,5
674,5
9693,7
8243,7
15807,7
19062,7
19335,5
21555,6
20539,7
8861,6
17667,6
10844,5
21454,5
22612,6
6585,6
10374,4
8313,5
16644,4
27870,7
24705,8
9608,5
1770,8
15012,5
9453,6
27612,7
3824,5
7482,5
23674,6
4828,5
23995,7
15127,6
27846,6
26092,7
26426,6
23277,6
13430,5
12331,9
813,6
13330,5
5672,8
26541,5
27641,7
6015,7
17092,6
28936,6
8423,8
2012,5
20149,6
9664,6
14000,6
4335,6
18798,6
13253,7
24412,7
20808,7
4228,5
13056,7
24467,7
15311,6
19934,5
24320,5
5067,6
25736,7
717,6
18659,6
27800,5
17541,5
21847,5
21180,7
23961,5
16278,7
11554,5
28193,6
1644,6
3805,7
16251,7
12936,8
22898,6
20304,6
25600,4
1527,6
27183,6
4542,7
766,5
28737,5
27648,7
14027,4
8748,6
9610,5
3449,4
1170,7
8828,9
26068,7
19868,6
7756,6
2146,5
12544,4
15562,5
18381,6
25539,6
25211,6
25385,6
18943,6
10588,5
251,3
10845,5
12459,7
4398,6
27268,6
23075,6
18738,6
3222,6
17786,7
21991,5
27098,7
25346,6
20767,7
6625,6
16012,7
13743,8
1266,6
5796,6
18823,6
7883,6
16246,5
20949,6
29195,4
26796,7
12642,6
2135,6
1890,6
23394,7
26537,5
21086,5
7881,7
26267,6
1963,5
12978,6
13580,5
17936,7
16784,5
18186,7
22690,7
20034,6
25294,6
24866,5
24136,4
26866,7
27267,5
2539,6
4459,5
28065,6
15385,6
19292,7
20548,6
11161,7
24745,7
9060,5
14710,6
27202,6
25472,7
10675,6
25317,6
25192,7
21488,6
7565,3
5350,7
27466,5
377,5
500,6
1102,6
27375,5
7898,5
25741,5
12736,7
27008,6
4872,7
19743,6
19943,6
2913,5
28243,5
22210,5
19656,5
28059,4
27987,6
17992,7
18819,7
27703,5
25553,5
18356,6
11029,7
21187,4
2671,7
7744,5
7739,5
14275,8
13429,4
15949,4
3111,7
29032,6
18135,6
4887,8
1875,9
22129,6
16080,7
3284,6
12186,6
27393,5
4150,4
18742,6
3418,5
16331,6
28179,6
19520,8
13994,3
3422,5
15888,8
22959,5
19713,6
20327,4
11605,7
877,8
28240,5
2274,7
24033,7
20197,6
1128,6
19580,6
11069,6
21148,6
29150,5
25369,6
8810,5
24994,7
26279,6
18818,7
28603,7
20035,6
7033,6
28895,7
27178,5
28769,6
21736,5
17416,6
11646,6
29177,7
20371,6
28571,6
21205,6
6870,6
5176,8
8555,6
22882,7
12999,5
11983,4
13839,7
24503,6
14997,5
2958,8
2558,8
14050,5
24504,6
22918,6
26539,6
9303,7
9627,8
24181,6
27306,5
27973,6
15644,5
24613,6
26806,7
3348,7
12257,6
14318,7
10783,4
1631,7
21834,6
3585,5
5441,5
24837,5
20616,6
28051,6
25439,7
24827,5
25962,7
9300,6
28451,5
28349,6
3968,7
17995,6
28314,5
29216,5
27040,6
9292,6
7544,7
20545,6
24010,6
26972,6
18606,7
25191,5
2682,6
15260,5
13408,7
5043,8
18964,6
25035,7
27054,6
21351,5
24466,8
5692,6
21013,6
4670,6
2607,5
26083,6
10581,7
11741,7
21104,6
16444,5
3431,5
11153,7
13051,6
5139,5
15489,5
3219,6
10799,6
6297,7
28291,5
10067,7
4664,8
15948,6
18957,5
9923,4
457,6
3458,5
27458,8
4376,5
2914,4
13640,6
9182,5
22302,6
28483,6
18519,5
26377,6
23364,6
26387,6
29180,6
2141,6
22924,7
7529,7
27132,5
10409,6
16097,8
14281,6
13806,7
12012,7
9941,6
22649,6
20802,6
26968,5
7840,5
15005,6
28158,6
17044,8
18522,5
11814,6
27508,4
10733,5
22834,7
23703,5
16306,8
18975,6
27449,6
22187,6
24816,4
5914,7
15036,6
26203,6
22648,6
28943,7
16411,7
18988,4
27984,7
25831,6
24235,7
24730,5
20814,7
24450,6
21036,6
1573,6
11138,6
12333,5
25345,6
26366,6
19167,5
4516,8
17751,6
16426,7
2739,4
22175,7
23535,6
460,5
818,5
26198,6
19320,6
20176,6
13650,8
6704,7
1079,6
27542,6
12396,6
5459,8
27584,5
15958,7
1323,6
26446,7
12214,5
16593,7
1649,5
5732,6
5679,5
17964,7
14458,5
25365,7
13488,6
28466,5
11874,6
20575,7
6122,7
4702,6
25561,7
1088,6
27881,6
21833,5
10939,7
16709,7
11279,9
7032,5
21345,7
6087,7
18430,6
15643,6
8907,8
17759,6
23482,4
24273,6
10618,5
28835,4
16715,6
5472,8
13276,5
21880,6
1522,8
16410,5
25241,6
11722,6
9740,7
6965,5
18730,5
23429,6
4881,7
20047,5
10158,7
23132,6
5547,6
28579,4
25865,6
16965,5
28237,5
10156,5
1517,8
15892,6
25139,5
5636,6
24099,5
7837,4
24186,6
21553,4
22474,6
18512,8
25910,6
4266,4
8108,6
26337,7
25319,5
26176,5
21363,6
27506,5
17696,5
28218,6
14880,4
7969,6
16803,4
29183,6
23265,7
4472,5
5234,8
26181,6
7821,4
25454,5
19388,6
19842,6
8140,6
212,6
8176,7
11786,7
22240,6
14456,6
7469,6
10582,7
20546,6
16110,9
6112,5
12180,6
6423,7
20370,6
21367,5
22154,5
13902,8
3695,6
9413,4
8929,5
8154,8
6793,8
12655,5
15379,8
18216,6
9121,8
21428,6
22584,6
22812,6
27888,7
28402,6
28053,5
8171,5
8878,7
28596,5
8982,5
6236,7
3660,7
21790,7
64,5
15585,6
28264,6
6898,6
6561,5
11185,4
22856,6
19408,6
17049,6
17912,7
19161,8
24633,7
2056,6
11187,5
25670,5
6182,5
27650,6
5578,6
3163,8
5313,8
25324,5
19555,5
21894,6
10548,6
1024,6
25821,6
25290,7
25579,5
10791,7
25631,7
13912,5
25368,5
21590,8
4634,6
18061,6
6998,6
16433,6
12520,7
23083,5
22802,7
28426,7
8212,8
626,6
173,6
16459,6
14866,5
17818,6
20406,5
9780,7
28559,7
21623,7
3314,7
12131,7
22208,7
16494,5
9035,4
12716,6
2052,5
14509,6
1378,7
26254,7
21925,6
15661,5
357,6
4105,7
19897,6
17340,5
3220,7
8228,6
25817,5
14235,6
5834,8
29132,6
2927,8
17917,6
12934,6
14888,6
10851,6
14140,7
23642,5
28597,5
1366,6
20621,6
24427,5
6840,7
10559,7
14322,7
13444,6
257,5
3359,7
6409,5
27787,5
15255,6
8432,8
15245,6
14638,8
17466,6
22839,6
1840,6
25500,6
14380,4
24738,5
2978,6
22067,6
10599,7
1364,5
26752,6
6554,8
21221,6
11714,6
2392,8
5849,4
15416,5
14117,3
4875,4
10727,7
8489,7
14685,6
15057,7
22196,6
26951,7
3077,6
28328,5
20195,7
16908,5
20380,6
28144,4
25062,5
994,1
12051,4
17576,5
9481,6
17779,7
21755,5
5917,5
16334,6
16845,6
28164,6
605,6
26830,6
9278,8
19426,4
26031,5
20732,7
21503,6
27255,6
15711,4
22494,6
16707,7
12632,4
19156,5
28476,5
11556,4
27188,6
13279,5
5806,5
24276,6
10613,6
25102,7
26953,5
26919,5
27058,5
20965,6
27355,6
25136,4
17610,5
12490,7
23527,6
6458,7
1242,6
7779,5
3878,5
556,8
16656,6
16817,6
29186,6
16901,5
10207,5
24724,7
4418,5
12637,7
27606,7
24764,4
20815,6
20099,5
6783,4
23903,7
4311,6
1345,8
25401,5
1087,7
5191,6
27185,5
18361,6
23026,6
6878,7
7829,6
22127,6
26487,6
3666,5
9284,4
12351,6
26142,5
23269,7
24630,5
16936,7
28246,7
10654,5
27292,5
18228,5
17832,6
9485,5
17009,6
6791,8
4494,6
20388,7
22876,5
11920,7
1886,8
28014,7
27531,6
4718,6
15182,6
10714,5
1322,4
13295,6
15603,4
1357,6
3067,6
14247,4
4416,4
3844,5
28326,6
18587,1
3523,6
15205,5
2640,4
17497,3
23257,7
12201,6
4147,4
9535,6
22433,7
15947,6
25060,5
28997,5
28076,8
25015,8
28428,4
22457,6
13973,4
27798,6
12793,4
19313,5
28461,7
26603,6
13328,8
27244,5
742,5
10214,3
8102,6
24489,5
14066,4
21418,4
7129,6
27065,6
28367,5
23695,6
25585,5
17507,7
27930,5
17517,6
1896,6
28271,7
4190,9
18669,3
28050,5
21214,8
20559,7
16296,8
27816,5
7000,6
10626,7
7953,6
23324,6
22346,6
18018,7
3777,7
6337,5
4998,6
16448,6
12515,5
26172,5
21451,8
24397,6
19396,4
11698,7
8551,6
27749,5
1762,6
24658,6
13130,5
28339,7
17688,7
12368,5
8553,6
28781,7
4415,6
25917,6
12688,5
11415,6
17377,6
25023,6
22806,5
28800,6
17578,5
11481,6
26447,7
9634,6
26306,7
18721,7
7699,6
6414,8
22275,6
26591,5
15901,6
27304,6
23173,5
801,6
24797,5
7778,6
12843,8
4221,7
11555,6
1957,4
3799,9
9647,6
109,6
18745,6
3266,7
28971,6
9394,6
19293,6
17071,5
25884,7
10109,7
10090,7
28188,6
16144,7
27737,6
15989,5
1425,5
23052,6
19494,4
7757,8
18368,7
25843,5
9164,6
16794,7
21116,5
7522,5
23778,5
1152,5
24230,6
28378,6
26211,6
9258,7
15359,7
26386,6
27753,8
105,6
19547,6
29019,6
23389,7
25896,5
4159,6
17440,6
20518,7
4588,6
20544,5
13413,8
7738,6
6133,6
17806,5
8726,7
18547,7
28235,7
3754,5
7481,7
12731,6
12192,6
1426,6
23663,6
3644,7
2231,6
5900,7
8895,5
25541,5
4152,7
15213,4
406,5
17313,7
5210,7
7261,6
8287,8
213,6
2306,5
690,7
8964,6
26757,7
27754,6
21582,6
27509,6
23205,5
27979,6
13288,6
27559,7
7388,6
10245,7
10989,4
7999,6
28662,6
21060,7
26651,6
25470,6
3910,5
5429,5
10639,5
26838,5
28934,6
14971,6
1038,7
25989,9
19322,8
18740,5
28338,6
27148,6
24859,8
10674,8
5212,4
5689,5
5353,6
13792,8
7288,6
20017,5
17161,7
17006,4
25580,5
8889,4
8068,6
14760,4
1961,7
6418,5
26501,7
26036,4
18068,6
15376,5
17359,5
28659,8
22662,6
12044,8
19704,5
28987,6
8852,8
2280,4
5944,4
91,5
11927,7
8808,6
12314,7
26554,6
23477,6
18868,6
16815,4
6383,6
17229,7
10743,5
25737,6
27153,7
20401,4
11776,4
28110,4
20216,6
14283,7
996,6
17646,6
12755,6
21473,5
2009,5
9192,6
13456,4
25829,5
15942,8
13122,6
3594,6
25072,4
17471,6
12077,5
1229,4
28849,6
15278,5
27385,6
9526,7
19366,5
15463,5
9086,6
16076,5
10399,7
19254,5
22547,5
10022,6
23729,6
13148,6
3767,6
25854,6
28944,7
17712,7
10754,7
5135,5
3868,8
15587,5
27100,7
28779,7
9560,5
2547,5
8634,6
27323,6
14745,4
26602,6
7404,7
27362,7
2051,8
23590,7
17986,5
21461,7
22994,5
27696,5
5341,4
11848,6
27437,7
13453,6
22470,5
10304,6
5807,9
10836,7
26862,6
22775,5
5170,7
24297,4
25916,6
22192,5
26301,7
26716,6
17767,6
21279,5
2357,6
3277,5
15111,5
16631,7
17656,4
20441,6
11942,5
26764,6
8501,7
9899,6
23342,7
2811,5
16338,6
22980,7
11118,3
1743,6
23255,5
17947,6
25371,6
4038,6
10204,5
14839,8
5479,6
1434,7
20452,8
24458,7
2461,6
21095,5
23158,7
12022,3
373,6
16758,5
18737,6
23270,5
436,6
12025,6
3325,6
28371,6
3195,7
27011,9
28676,7
5557,6
25240,7
23746,6
20067,6
23386,5
15252,4
894,7
28169,5
5065,5
3740,7
24405,6
10649,6
4744,6
9499,6
10881,6
14232,5
4775,6
26744,5
11664,7
1764,7
24914,6
26977,5
27214,6
7103,4
26264,6
6709,5
26478,5
19831,7
8821,6
25983,6
18976,6
21654,6
12315,7
26698,6
27022,5
11362,7
19959,6
2971,7
20340,6
26792,5
5928,8
13676,6
3479,7
26536,5
5302,4
4330,8
1424,5
28492,6
17246,7
22879,6
13188,6
7291,7
8371,6
7181,9
14062,6
8077,6
16283,7
27365,6
1998,5
7891,7
13797,7
22340,7
10205,5
26251,4
22345,5
10487,7
16979,7
15194,6
19205,5
17047,6
17191,6
13300,6
27636,4
11526,3
19136,7
6419,6
7328,5
2162,6
27948,7
7097,6
25891,6
19110,4
27831,5
17035,4
23017,5
5614,5
14286,5
25397,7
17594,6
7414,7
4853,6
10987,7
28310,6
12966,5
7225,4
7471,7
19541,7
17575,7
27920,7
6564,7
3081,6
25560,7
25794,7
11727,6
4148,5
10669,6
10641,5
10451,8
24259,6
19304,5
12455,7
12140,6
28168,6
9049,6
13784,5
27573,6
10611,6
29124,6
2807,6
12667,7
18989,4
22800,7
22342,6
10222,5
21542,8
13067,8
1505,6
6509,8
27156,5
18435,4
4395,7
7191,8
21439,8
23203,6
21742,6
23802,6
24946,8
15263,5
22008,5
8096,6
28432,5
10878,8
17908,7
15786,5
21970,4
17647,6
1440,7
24414,4
4507,6
11648,6
974,4
16923,7
9142,5
14474,8
12678,6
2363,7
27302,6
19280,6
10531,5
2843,6
25494,6
12167,7
27388,5
20135,7
15970,5
3374,6
22124,5
28847,7
14659,5
23390,5
24190,7
4153,5
22000,5
20045,6
576,6
16282,6
1371,6
1605,7
15477,9
18953,8
19874,7
15775,5
25487,5
17232,6
15226,9
26545,5
5934,6
15679,7
19061,6
24637,5
3992,6
26596,5
1592,7
21695,4
23758,7
13618,6
4274,6
22664,6
19473,5
9965,4
25895,5
17287,7
9252,7
25511,6
11774,6
10698,8
7629,6
10392,5
4127,6
7536,6
9134,6
11424,7
25027,7
26886,5
25834,7
20289,6
19092,7
17641,5
4077,5
24926,8
18937,6
9314,7
28959,6
27055,5
16719,5
16829,7
4015,7
9976,4
3554,7
268,6
26869,3
20444,5
1062,5
23046,6
18548,8
29095,6
16530,5
26747,6
21250,8
1318,4
27664,4
7262,4
14157,6
22348,5
4616,8
14921,5
23047,6
14163,6
26246,8
4928,6
21322,7
14709,8
20830,6
20540,7
4821,5
7281,6
20298,7
22170,7
19931,6
11919,5
24872,6
26670,5
18193,6
5937,6
5293,5
6641,8
28313,7
27418,7
1955,5
1506,6
17216,8
23297,5
2104,5
2257,6
28087,7
6346,8
23028,6
23920,7
24839,4
9403,7
25710,5
8526,6
7109,6
1805,5
375,7
25690,6
6351,8
22030,6
24819,5
9487,7
3823,8
3577,5
18511,8
19132,6
27847,5
4658,8
3272,6
20152,7
4326,6
28875,5
10899,6
26742,5
27154,5
10300,4
29207,5
5967,5
13769,5
10777,6
11831,7
4053,8
4495,6
19228,5
24164,6
10981,6
15110,5
22446,7
7117,5
8348,7
5713,7
28976,6
14290,7
18865,6
12030,5
28472,4
13468,4
26967,6
7546,5
17308,7
15038,7
7094,4
18533,5
24706,6
22718,6
17221,5
2727,8
206,5
8575,8
18090,6
26693,6
13340,6
8915,7
21969,5
4285,7
5513,4
17472,7
17631,7
6251,5
11794,7
15525,9
1706,9
29122,4
3144,5
29047,7
18672,9
24442,8
27758,6
16104,6
25902,5
20940,7
18864,6
27343,6
3913,8
15259,4
10826,6
962,6
8512,6
21412,6
7106,4
21870,6
23117,4
11699,4
22213,8
23514,6
12202,4
16176,8
6478,8
23901,7
8367,5
25508,6
16327,8
20717,8
24676,6
10190,6
13069,7
10160,6
8652,6
12537,4
21726,4
9048,6
1209,7
25229,5
4776,7
8987,6
13381,6
13957,7
1117,6
13486,4
23655,6
29185,5
28952,5
25698,5
5913,4
27968,6
7736,6
26689,5
20077,7
574,6
19739,5
54,7
5055,3
17192,5
20852,6
28540,6
5788,6
2451,4
6118,7
9269,6
22730,5
22369,7
24860,5
1423,5
35,6
17068,6
7685,7
21782,5
13192,5
6199,7
16366,1
26902,6
7686,6
17027,6
14319,7
25824,7
27845,6
802,6
2708,7
6761,2
9423,4
23044,5
26895,6
9982,6
29203,6
9227,7
28027,5
27733,5
28481,6
12425,6
27084,6
14697,5
28688,4
25818,5
21761,6
12565,5
8208,7
23842,7
10031,4
14799,4
17521,6
26730,5
1862,5
8873,6
12972,5
122,5
9402,7
8696,7
23310,6
20859,7
6085,6
344,6
14884,7
3952,8
6344,4
5094,7
27826,5
1735,8
8355,7
1841,7
5871,5
19307,5
23726,6
22895,6
3979,6
22925,4
7803,5
11792,7
25134,5
27748,5
24561,5
23718,7
20225,8
23224,6
14907,7
17491,6
21809,6
27658,5
10082,5
19458,8
19768,7
28741,5
20571,5
4468,6
23296,7
3342,6
2374,6
14693,6
17500,6
24508,5
25333,5
11863,4
18838,8
27954,6
22287,6
7397,4
10431,6
21860,8
20707,6
8156,5
16406,7
14007,6
12638,8
13,7
28146,6
18474,7
19980,6
10528,5
326,6
11871,6
2167,7
7652,6
28473,5
23076,5
16892,9
4899,8
19305,7
19364,5
16389,5
687,6
20361,5
28970,5
4231,6
22695,6
12032,6
26027,5
23064,5
14253,6
21625,6
11201,8
23893,6
25747,6
23632,5
24522,5
7869,8
300,7
4571,7
26572,6
23937,6
13001,5
10541,5
13137,6
8137,5
5130,5
74,4
15589,6
9000,6
12894,6
24970,5
3478,7
22821,4
24964,6
210,5
28406,5
26404,6
11229,6
4352,6
691,6
15462,5
12482,7
4640,7
23849,6
2970,7
25022,6
14836,8
7042,5
20589,6
17542,6
3376,5
18138,4
1579,7
15776,6
6947,5
12746,7
23102,6
19256,5
19448,4
26012,6
11997,9
13478,6
5957,6
16295,8
7218,5
14573,6
18304,7
12765,7
20651,6
23910,4
14923,7
17421,7
8421,4
26992,6
26284,7
5015,5
24644,7
22509,5
22676,5
22043,6
5787,7
13829,6
11445,7
12873,6
19470,4
27932,5
20151,7
2519,7
26070,5
26790,6
9912,6
25295,6
29213,6
24236,4
26113,8
13479,6
10861,6
8730,4
15505,8
14425,6
14364,5
11952,6
6040,2
20715,4
3321,5
23427,6
22667,5
608,5
8482,6
12356,4
8209,5
11800,5
6971,7
26065,6
27575,4
15615,5
9855,7
26840,8
23094,7
14244,5
1201,6
18081,6
1140,7
20620,6
1562,5
25482,6
14553,6
7015,6
21762,6
17969,6
13165,4
11529,4
12794,6
6886,7
27082,5
24340,5
27414,5
24555,7
17101,6
20897,5
15983,6
15105,6
11205,6
18383,5
12399,6
14611,9
28183,6
7985,5
10219,5
16838,6
19379,7
2505,6
12080,5
25832,6
12770,4
12324,6
20887,8
13782,8
23338,6
27023,4
7847,7
23839,6
14961,7
26385,6
26135,7
7844,7
25000,5
10184,6
1914,5
20095,5
24863,7
7280,8
15821,5
3794,6
17301,6
18760,6
9937,7
9063,7
10069,6
11676,7
655,8
3832,6
19823,5
21994,6
12141,8
5736,6
9408,8
5203,7
24221,6
2312,7
28692,5
17896,7
3613,4
15952,6
18702,6
12234,8
14588,6
14487,6
4138,7
23614,6
14927,6
77,6
27598,6
1580,6
28165,6
18916,5
17057,8
11536,4
99,7
10494,8
7831,5
3842,7
17437,6
617,5
14661,6
22412,6
10867,6
18240,5
10501,4
2881,6
4886,5
28112,6
7609,6
4611,5
11126,7
22788,5
11098,6
9495,6
17791,7
24425,5
8326,6
16876,4
14924,5
7396,1
26665,6
27282,5
21863,7
5669,7
7788,5
3302,8
15155,6
4072,6
274,4
24197,7
18272,7
13166,8
24755,5
13106,8
14570,7
20068,5
22145,6
4628,6
1508,6
8608,7
5964,6
6443,7
25247,7
1686,8
20909,7
6232,5
8675,7
1638,4
16313,5
24723,5
2260,5
9979,4
23599,5
7433,7
24202,6
4889,5
9053,5
14097,7
12432,7
15515,7
19584,5
2484,5
10726,5
22624,7
25248,6
17361,5
18378,6
11083,5
25112,5
23753,6
16293,6
22559,6
2288,6
16818,8
9331,6
3070,8
19856,6
16377,5
13435,5
1008,7
24824,5
4964,6
21811,6
26119,5
4282,8
13649,8
409,5
5366,5
182,7
12073,6
13675,6
28768,7
19977,4
15329,7
5121,7
28637,6
19209,6
273,5
8448,7
8880,7
21584,6
11175,5
7137,7
12007,7
25106,6
19347,8
26776,5
22587,6
4996,5
9212,7
29184,5
23915,7
4471,5
18995,7
26631,6
2271,5
27807,6
6134,4
21129,5
8499,5
14529,5
29168,6
3614,5
28631,6
6114,7
24075,7
8905,6
22035,6
14343,6
23398,7
27700,7
2423,7
21769,4
8999,7
19348,4
5953,5
2359,8
7666,7
27986,6
15613,6
9971,5
14231,8
1847,5
2861,6
22958,7
17351,4
4239,7
6405,7
12666,6
13299,6
2904,6
3672,5
28951,4
10174,6
22136,6
11121,6
6248,6
15940,5
28619,8
2106,5
22868,6
25853,7
13574,4
9068,6
24531,7
13846,5
5525,8
9800,6
7264,6
4519,5
12660,6
5447,6
19858,7
25577,6
21342,6
9540,8
15680,7
13735,7
8399,5
17022,7
10607,6
20351,4
28312,5
19518,7
25610,6
24203,6
27570,5
272,5
26161,5
18693,7
19076,7
8001,6
23787,5
12675,4
2532,5
28870,6
21329,8
29208,5
13656,6
3688,7
23194,7
10923,6
7483,6
3066,5
28984,6
28184,6
20499,6
5592,5
21577,6
23627,5
9478,5
16617,5
27512,3
28435,5
18397,6
25548,6
24981,6
6119,3
26836,6
10566,7
16388,5
17408,6
8786,6
4371,7
14965,7
26035,6
7438,7
4752,6
21543,6
25993,6
15546,6
19147,6
5742,7
29176,7
27780,6
14582,4
19033,7
22700,5
19573,6
12268,5
19020,7
12256,6
2300,5
226,8
12189,6
25718,5
15080,5
21334,7
13771,5
21572,5
11932,6
21911,5
18701,6
8199,6
21913,6
4129,7
25416,5
12200,5
899,7
10004,7
23258,6
3678,6
10585,8
9733,8
3493,7
10595,5
8866,6
15340,3
28041,6
6781,6
25869,6
4107,7
5365,7
20848,6
8135,6
26097,5
28054,6
24928,7
20222,7
21467,7
17204,6
12881,7
230,7
22947,7
28981,5
17342,5
1995,7
11428,8
14412,6
25334,5
26074,8
4197,6
1188,4
3956,7
15104,9
53,9
7123,6
7256,4
23671,5
23788,6
21249,8
7421,5
27838,5
2416,6
2845,6
6209,6
23,6
2860,8
22647,6
25076,7
13360,7
25901,6
10475,6
5235,3
19948,7
7620,5
14605,6
19548,7
28323,6
19686,6
1775,6
27216,6
11302,2
19262,5
29170,5
25253,7
19009,6
8417,4
22214,5
26158,6
12139,6
17503,5
13324,5
21182,6
7166,6
12378,7
2542,3
26985,4
17957,7
4742,6
8919,4
11072,7
7703,6
25392,6
15586,4
2435,8
15750,5
13754,7
23065,6
4787,6
24302,5
18300,6
24204,5
8475,5
16151,6
28344,6
29029,6
27574,4
27142,8
15366,9
2878,7
21196,6
8426,7
5767,5
11504,7
22380,6
9299,5
24595,6
23035,6
26360,6
22502,6
10239,6
28363,6
5352,6
20990,7
8924,5
1623,6
10049,6
27795,6
24437,6
2597,7
18498,5
26047,7
22003,6
4339,5
7922,7
27746,5
12917,5
28833,6
8594,5
21785,6
28485,7
25666,4
9822,6
7892,4
2380,7
29058,5
21980,6
22076,5
24803,7
14165,6
7119,5
142,5
14973,6
17742,6
24974,6
1205,5
9361,5
2317,8
3807,6
25037,5
16072,6
10172,7
27204,5
19641,6
3654,6
24984,6
28595,6
19888,6
6571,8
20094,7
5704,6
3457,7
5661,6
14142,7
22117,6
18773,3
25272,7
14571,5
28479,4
20739,7
18411,5
27177,7
9459,5
4305,8
16493,6
5328,6
15832,6
16561,8
14711,6
26080,6
8229,7
28157,6
13599,7
9611,5
28844,5
13136,8
11483,5
27357,6
21066,7
15343,5
28629,4
14812,5
3808,4
10293,6
2216,6
13751,6
12787,6
28646,5
3566,5
25603,6
8009,6
2848,6
26675,7
23623,6
11805,6
15130,5
13302,6
5567,6
17590,5
14383,6
16954,5
22931,6
11054,7
29013,6
12737,6
9505,7
8676,8
25695,7
4782,7
4806,6
10866,6
26787,6
28227,6
26078,5
652,8
23864,6
23355,6
26206,6
20730,5
13858,7
24696,6
21844,6
22257,4
17793,3
15171,7
22203,7
25908,6
23109,5
12047,6
27871,4
22998,6
23576,6
12774,4
26461,6
11391,4
7538,4
19119,6
15377,6
14382,6
7901,6
14087,4
437,7
13857,6
112,7
19265,7
24409,6
16006,6
12076,6
27653,5
21939,6
20514,6
17420,6
7009,7
10151,5
2821,6
15597,5
1795,8
8019,5
16651,7
24460,5
9566,4
11071,6
566,7
465,6
3572,9
27998,7
11891,7
23447,5
14224,5
11936,7
12600,6
22753,7
4625,6
5666,7
5138,7
6819,9
19188,8
28081,5
23869,5
15811,6
10725,7
11760,6
25177,6
14114,5
3739,5
20787,7
178,7
27118,5
6120,3
17928,5
16948,6
25038,5
9322,5
19015,7
15016,6
2866,6
11544,8
16462,7
19405,6
6498,5
11736,6
27207,6
18794,4
13756,6
22781,6
286,6
9324,8
27056,5
23799,6
19730,7
8639,7
10760,7
2077,7
26798,6
18612,7
9703,5
23721,5
7016,4
20741,7
23298,7
2113,5
12161,4
24731,6
13263,7
16632,6
16531,4
7637,7
12569,7
5283,6
21596,7
16630,7
26443,4
20417,6
5822,5
22449,6
5216,6
21224,6
27874,5
20303,6
27116,7
3881,5
14500,6
28539,4
5120,7
1334,4
16154,6
9662,7
9089,6
16040,6
12204,5
22943,6
3012,5
24971,5
24710,4
7772,4
23167,6
1255,6
25880,5
3765,6
20497,8
22452,7
17819,6
19421,8
22975,6
22803,6
21118,7
25349,5
11561,8
2527,8
24417,6
25974,5
19911,6
12702,7
18863,5
2608,5
1959,6
23510,6
28495,5
23030,7
5650,6
7189,7
26531,7
2960,5
21682,5
26152,5
7470,8
6210,6
3193,6
28790,5
8257,6
29043,5
6787,5
10565,6
207,7
26450,6
7774,6
8697,6
19117,7
17670,5
10630,6
4070,6
10838,5
15218,5
19041,6
21576,6
20907,6
7873,4
22567,6
28778,8
16873,7
23595,6
8273,7
13064,8
3668,5
15937,5
15584,8
25073,5
22838,7
24957,3
27171,6
28048,6
19849,7
8079,6
23861,6
761,7
28262,5
15251,5
14955,6
17277,5
1620,7
17457,8
8912,7
7946,8
14501,6
4007,4
16403,4
13628,5
26003,5
5840,6
6663,8
8940,6
22023,7
2401,8
11852,6
16549,5
23156,5
5504,7
22883,5
1960,6
8913,7
21947,5
1317,5
26966,7
2337,7
20157,6
764,6
11726,7
16546,6
9426,6
7297,5
12061,6
18718,5
27747,5
16329,4
2610,5
11644,6
7074,9
16846,6
24862,6
3224,5
12339,6
5204,6
11593,5
353,7
19707,5
15796,6
19844,6
10457,6
21822,5
5347,4
7995,8
3702,7
27474,7
20636,7
10514,8
22038,6
18137,6
23080,6
20666,5
5581,7
21497,5
17932,6
20837,7
4039,7
11860,6
21212,5
19598,8
26464,7
7773,8
21602,6
12899,6
15553,7
26102,7
13613,4
27159,5
4375,5
2744,5
23899,3
9932,6
22997,6
26509,7
18959,5
14914,6
11507,6
28657,8
10818,8
8626,6
15031,3
19550,6
23004,6
21213,5
24114,4
19758,5
24697,6
10424,6
2224,8
588,6
7864,6
22032,6
1581,5
21803,6
1945,7
23016,6
28324,5
25473,6
28716,6
29079,6
18462,6
9298,5
26058,7
12562,5
21138,5
7904,7
25127,6
2929,6
4421,5
5282,7
19440,7
3084,7
24925,5
8961,5
8698,6
1850,5
6694,3
11449,6
7799,7
6721,7
2705,7
5643,7
4033,4
8892,6
1540,7
10806,6
12509,7
8420,4
18689,5
27705,7
16733,6
17326,6
20338,6
19123,9
16982,5
3524,6
984,7
19910,7
9778,8
17974,6
25694,6
16174,5
9021,6
10358,6
14037,4
11114,5
24108,6
15806,5
19204,6
6832,5
12483,4
3173,7
1228,4
9349,5
5856,5
26907,5
4125,7
21083,6
24605,8
18179,5
25395,6
2662,8
25967,5
25963,7
23225,6
28281,6
17781,6
2879,6
14414,5
12691,7
24537,6
23192,7
17267,5
9827,8
17081,5
4145,8
15990,7
10143,5
14018,6
11527,3
3129,6
979,8
21407,4
5342,5
26927,6
19709,7
8531,7
14676,7
4529,6
27412,6
3405,5
27166,8
10935,5
27321,7
28804,4
9839,7
7434,7
6706,8
8289,6
27080,5
4512,4
27959,8
6341,8
24688,6
13887,6
27644,4
2965,7
27406,8
16662,5
12591,8
14867,5
12205,7
570,7
1641,7
17141,7
29158,5
5252,7
23060,5
7569,7
20858,6
9176,6
23166,4
6230,9
832,5
25067,6
14182,6
3896,5
10892,7
21501,6
21026,5
19281,6
1054,5
4211,6
3105,7
17037,7
9569,6
27621,5
15906,6
17459,5
18372,6
4710,5
6934,4
1172,5
21394,7
15588,7
18200,8
24813,8
16416,6
28159,7
6343,5
24575,6
3587,3
25185,6
14511,6
5923,6
23288,7
4587,6
27515,7
24938,4
13620,8
2,2
15396,5
5125,4
18310,6
21507,6
3007,6
841,5
23056,6
6734,5
14772,6
27670,5
599,7
18948,4
17982,7
28294,6
11751,6
4485,2
22500,6
21234,7
26107,6
9587,7
27822,5
3240,6
27352,4
9917,5
3452,8
10589,5
6798,7
25914,5
17985,6
12693,7
25909,6
3737,5
17895,5
19023,6
6544,5
14098,8
5243,7
19433,7
2444,4
12170,5
17482,5
12325,4
9511,5
27543,7
14213,6
9844,4
17224,3
20386,5
12723,4
11249,6
5574,5
26061,5
27882,6
2655,7
2701,4
10790,7
7043,5
885,4
11102,8
29009,6
14447,5
9853,5
425,5
609,6
25405,6
23379,6
14413,6
15265,5
28290,6
13451,4
7510,6
6905,7
5406,7
9863,4
3658,8
23171,7
27883,6
19546,6
23455,6
19235,7
24737,5
23361,7
27247,4
27514,6
4692,4
12993,7
25497,6
27699,4
9517,7
27173,5
1719,6
21136,7
10100,6
14776,5
23980,5
18150,5
1110,7
29024,7
22017,6
8619,4
9313,8
27368,6
26510,7
17379,5
6520,7
1996,6
5800,4
12488,6
380,6
587,6
20130,5
25644,4
20854,6
1544,6
2844,6
9256,6
14059,6
10646,7
20657,4
7206,6
17386,7
11286,7
5561,5
17562,5
14542,7
7813,5
26347,7
16165,7
8579,6
5082,4
10410,6
6407,6
21108,7
26354,5
3370,5
22538,5
21641,5
8087,4
1632,7
28789,6
21051,7
20928,5
16269,5
21354,4
6235,6
15342,7
28832,7
14073,7
28858,6
22845,6
2065,7
1539,7
6795,6
15831,5
25503,5
9189,4
1153,5
25605,5
15778,6
9161,7
21093,6
23553,6
4667,6
4961,5
3107,5
8638,3
1004,5
10829,6
4412,6
25907,6
13227,6
18146,5
13813,5
18807,5
11025,4
22451,7
19155,6
27373,6
18710,6
14954,6
25627,5
24805,4
22089,6
29049,7
2847,5
16877,7
22010,8
16861,5
591,7
16712,4
18149,6
9763,7
2172,8
709,7
25847,6
13548,9
15087,6
7800,6
21294,5
7547,5
6581,7
24638,6
9024,5
10887,6
17208,6
25400,6
25701,6
28369,5
2746,5
19144,5
960,7
4113,5
23245,6
23908,7
26823,6
17200,5
7010,5
1980,7
25801,5
12335,7
23816,4
26261,6
4174,7
15371,6
16452,5
29222,6
1548,6
18097,6
21085,7
4582,6
8468,8
26824,5
26562,5
20964,7
21689,6
26079,7
3940,6
23350,6
17848,8
27997,6
10078,8
28072,6
25733,6
26270,6
24918,7
28814,5
24129,6
27342,6
17961,5
23643,6
5246,7
14780,6
26893,7
13326,9
11307,6
12343,6
28666,4
16854,8
20817,8
4755,9
24811,6
21292,6
12261,7
21905,7
14089,5
3964,8
24615,6
14179,6
26427,6
18648,5
7903,6
799,6
18447,6
9151,6
5938,6
23589,7
9251,9
22558,6
1912,8
26493,6
951,6
15244,6
2766,5
18348,5
5637,7
26925,6
27945,5
9257,5
10554,7
17297,6
3355,5
17033,8
20329,6
7655,6
10461,7
14762,8
16061,6
13643,6
21020,4
23236,6
11073,6
5337,6
25205,5
9694,4
15413,5
4067,6
18535,6
26335,7
21729,5
8336,7
13993,3
3017,8
12661,7
22957,6
16470,5
12279,6
13471,8
644,8
4780,7
22990,5
15672,7
28287,6
23523,8
13280,6
28429,6
8033,7
20941,7
6150,7
1402,4
11306,7
15645,6
11770,5
2038,2
24566,4
3514,7
8314,7
22961,5
9119,7
11511,5
4260,5
3830,6
10253,6
28232,7
15614,8
21485,7
23038,5
17925,5
18156,7
12079,4
781,7
12686,6
5197,8
12177,7
26949,5
24677,5
28412,6
3925,7
21100,5
8255,5
9686,5
25193,6
26957,8
28499,5
14741,7
27290,6
21459,7
20055,6
12906,6
8772,6
23770,4
3928,5
2470,5
4817,7
27695,5
789,6
8469,6
24639,5
9714,7
19774,5
4230,5
6583,7
7002,5
22116,6
25590,7
13344,6
26976,6
16286,6
20927,6
27337,7
15243,5
8941,4
7787,7
28926,5
8727,5
28719,5
7941,4
5426,4
26318,6
13426,5
4453,8
9483,4
20549,7
11370,6
25443,7
26885,7
21727,6
14806,4
22018,5
16178,4
7554,6
23672,7
4798,5
160,7
20511,5
2049,5
23359,6
11683,5
16373,6
19115,5
6563,6
28576,6
6425,6
23968,5
15378,5
15381,7
24602,3
23343,6
5387,5
3748,3
22223,5
27715,6
13868,6
2426,3
19120,7
20407,6
13365,6
28541,6
11617,6
7866,6
16125,6
16182,5
8351,4
4021,6
19920,5
9156,6
13094,7
24061,6
23895,7
25009,6
7592,5
6488,7
6117,5
19998,8
1442,5
4642,7
27344,5
7198,4
20590,6
911,6
15403,6
10706,6
26715,6
25688,6
15966,5
24752,6
22586,5
23320,7
25010,6
16067,5
24342,6
13387,7
20488,8
18223,6
20210,5
27905,5
5127,4
11742,7
23168,6
3985,6
20223,7
15526,5
11601,6
22263,5
5132,6
16698,5
410,6
18275,5
6897,7
16570,7
7111,6
27447,6
23631,6
656,8
27736,5
17546,6
15268,7
5074,6
18425,8
23346,6
6834,6
15073,6
25840,6
25601,4
18281,6
21827,7
25350,5
25260,6
5749,7
5697,8
22837,5
17257,4
5033,4
15443,6
3305,6
16966,6
18716,5
24775,6
15664,8
14619,7
28829,7
24673,5
16471,5
1435,8
24702,6
6372,5
3750,7
23289,5
22930,7
11149,6
1267,5
10452,7
8581,6
28357,7
8591,7
21547,7
7199,5
14698,6
17933,7
10075,6
4037,6
14323,8
1436,7
11123,8
8410,6
14846,6
11656,6
3779,5
19662,5
10789,7
22668,6
24152,6
28198,7
14707,5
6695,7
23741,6
27061,6
16836,7
26540,6
26786,6
394,7
13131,7
5924,5
24869,4
12430,5
19397,6
29055,6
16216,6
18389,7
15483,7
22894,5
12419,6
13287,6
24664,5
26617,5
26887,7
20174,5
6703,7
9286,5
27486,5
16363,6
10911,4
6413,9
552,6
20720,5
15384,5
28449,7
9367,5
2086,5
153,7
21661,6
20753,5
17409,7
29018,6
7139,5
5165,8
27931,5
23669,7
2259,7
26915,6
14941,5
12326,5
26401,4
24823,5
21989,4
6927,8
10420,5
28348,4
12931,5
18255,1
28967,7
5071,5
7537,8
15813,5
1301,7
14550,4
561,8
14104,8
20088,4
25849,4
19745,8
12016,4
1389,7
20947,5
14206,6
19070,4
26884,5
21019,5
15930,7
25802,5
24977,7
3724,3
3875,6
12148,5
1042,6
6436,6
3470,8
27694,6
21283,7
23916,7
4682,5
3722,5
26077,6
14280,7
8451,5
11423,7
17991,8
23515,6
11014,4
19006,6
27837,5
7961,2
43,5
8684,4
12669,5
25761,5
5792,7
28613,4
26416,6
23673,5
5469,7
28949,5
13386,7
28607,6
13770,4
14688,6
23139,5
10972,6
18147,5
19717,6
27243,7
14541,4
16805,4
14369,6
27395,6
7519,7
11623,6
5870,6
15153,7
20792,8
7285,6
11234,8
2341,6
25696,5
15955,5
12436,5
11013,4
24939,5
11506,7
25542,8
24822,6
24169,5
1231,4
13791,6
28909,6
6271,7
23801,4
17621,6
6818,10
6559,6
20331,6
10638,6
2956,6
27625,7
15392,5
14273,3
15363,5
16505,5
26685,5
8210,7
7182,8
13159,7
24985,5
20070,6
21751,4
19084,6
24501,6
4699,7
17907,6
12235,7
24978,6
27390,7
784,7
19476,6
7627,8
11336,7
16199,7
10323,5
26459,7
4661,7
23905,6
26805,6
21633,6
6762,3
27019,4
16028,6
17423,6
20526,5
5698,6
2690,5
21770,4
26606,7
324,7
24814,7
9854,6
19393,7
25855,6
5879,7
10837,7
23092,7
1233,7
2853,5
22790,4
6332,7
27203,6
2941,5
461,5
14358,7
12181,6
25864,7
6552,5
19007,5
27326,5
7173,8
24747,8
8845,4
16398,7
16428,5
16559,5
11868,6
9307,7
25233,5
2479,7
27624,5
21917,6
8693,4
16957,5
2598,7
22303,3
27940,6
5973,6
14374,7
14694,7
14191,8
26791,5
22601,7
8445,6
10249,7
23513,6
2100,8
24785,5
4568,7
11418,6
24269,7
16781,6
19876,7
812,7
19973,5
29002,6
10530,8
6901,7
3046,7
27259,9
9807,7
12985,7
27885,5
28390,6
3385,5
18980,6
9400,4
18651,6
10510,7
20914,7
17321,7
2179,6
11684,5
1769,8
2272,5
17265,6
912,5
8065,6
15676,3
20688,6
24271,5
19321,6
20534,8
14061,6
9914,7
9323,8
20271,7
2962,5
9033,8
27138,6
1230,4
9293,6
12437,4
16558,5
14687,6
3510,3
23215,6
1276,5
6633,6
27298,6
28163,7
22514,6
2338,6
11466,6
2603,6
14074,6
2551,6
21372,6
13851,6
9814,3
10597,7
26822,6
6267,6
4309,4
18658,6
24698,5
11158,5
10259,6
5471,5
14125,5
17674,6
10107,5
11442,9
28085,6
23694,5
8272,6
19373,7
21210,7
24111,5
22760,6
15968,6
1136,7
9368,5
363,7
25771,6
1380,6
19726,6
892,5
21539,6
10142,7
21165,6
20744,6
23233,7
16648,6
15264,5
9242,6
4240,6
19556,4
8614,6
21990,6
25355,6
9772,6
19929,5
3615,8
15785,5
27536,5
24794,6
536,7
6049,7
15459,7
6558,8
23881,6
26633,6
21789,5
22179,6
6408,6
4086,6
861,5
16680,7
603,7
5141,6
8789,5
22407,6
11284,5
4111,5
27454,5
14522,4
18220,6
2517,7
9903,6
19182,7
1489,7
22824,4
7991,4
24913,5
13057,6
10062,7
12380,6
539,7
24568,4
9752,8
13879,5
19570,5
17766,6
6746,6
26448,7
15488,6
22979,8
14342,6
22589,4
21154,8
5250,6
18059,9
9476,7
18187,8
9661,5
25234,5
17237,6
21930,6
27117,6
24604,5
28918,5
28077,7
27851,6
24969,6
2466,6
8716,6
18003,6
5786,4
6014,6
27726,7
22733,5
1431,7
28734,7
1498,6
18269,6
14521,4
18244,7
4393,4
18551,6
15197,7
15834,6
21597,6
2220,5
27038,4
3701,6
18353,6
14009,6
8598,5
5677,7
8261,5
3031,5
4856,5
6080,5
29072,7
27128,7
19450,6
15032,3
15428,4
16227,6
24229,5
17883,6
3798,6
19083,6
12728,5
20191,7
10506,7
505,7
28860,5
8017,7
8238,7
6796,5
8280,7
12245,8
24,7
27803,6
5431,7
26307,6
1640,6
12367,6
2657,6
7553,6
28925,6
6239,9
22002,7
20141,5
5814,6
28306,5
9819,5
7093,6
14559,7
9893,8
28591,6
13311,6
25860,5
21097,7
9310,7
6557,5
8345,6
4065,6
9818,7
2917,6
18005,5
11311,6
2206,7
4005,6
26783,4
6432,7
2863,6
4030,7
13788,5
3311,5
2988,6
23870,5
22447,6
429,7
11532,6
27397,6
23526,6
28140,6
14379,5
27026,5
12647,7
19847,6
26814,6
24462,5
9563,8
18924,4
12309,4
28923,6
1938,5
2928,7
11793,6
4993,5
10778,6
20038,6
16842,8
6580,5
19509,5
3684,5
9817,4
26165,4
5579,7
8194,6
23145,2
17488,7
7591,5
20117,6
22052,6
14017,5
12662,5
27299,6
6499,7
1288,3
25377,6
22463,6
22123,6
20282,7
2692,4
7100,4
26278,6
6303,7
18930,5
16777,4
2712,8
21487,6
27346,5
16893,7
20782,4
22020,5
14429,9
3164,8
18650,5
21495,7
12526,6
18529,7
24594,5
15000,7
16017,4
17539,6
11305,7
20049,5
28907,5
5715,7
21760,6
25017,6
6247,7
29112,5
5061,5
21845,6
1182,9
4715,7
22307,6
6008,5
19130,6
21489,6
11273,6
13511,5
7558,6
11067,4
4182,5
12429,6
4739,5
2600,1
9897,6
2425,3
22400,5
3502,5
17909,7
9583,6
6461,6
20652,6
16478,7
22656,6
4962,6
9137,7
17824,6
9222,8
16697,7
19988,5
28955,6
783,5
3854,6
27708,6
19668,4
1928,7
16391,7
21031,5
22707,6
21171,10
24593,6
26332,6
8654,4
111,5
10817,8
16188,7
8185,4
13590,6
23879,5
21817,6
21795,7
6974,6
19492,6
12810,6
21084,5
24885,5
13043,7
1702,3
14186,5
28881,6
21717,5
22836,5
25296,6
23924,8
23724,6
22191,8
13190,6
26139,5
1664,5
9536,6
18160,6
15608,7
14110,6
19185,5
24709,4
24207,6
2731,5
26916,5
20348,7
6881,5
24584,5
24601,7
25288,5
19683,7
13210,6
21098,5
6214,7
4473,8
14721,6
1137,7
14856,7
26611,6
26843,6
18966,6
11708,6
19418,5
26050,4
28837,6
14792,8
13068,4
6607,7
24490,6
18405,7
26956,6
23221,6
8993,6
2173,7
26441,5
21598,7
8586,5
16063,5
17687,7
2046,7
14102,5
13335,6
18541,6
952,8
18173,7
9699,6
16137,5
15019,4
25998,6
19400,5
17846,4
19488,8
992,5
8388,7
145,7
10615,5
1090,5
5824,5
26420,7
18066,6
18076,6
431,5
5642,6
15070,5
13171,6
19109,7
26389,6
1465,6
4437,7
1865,7
16075,4
26341,6
3923,5
20775,7
19151,5
10153,6
4774,4
11040,6
22831,3
3372,5
24900,7
1919,5
9892,4
11989,6
833,6
27194,6
22409,6
27457,6
20806,7
18663,6
23668,4
11963,6
9047,8
8082,5
6282,5
9050,7
24847,6
18614,8
12594,7
3466,7
6186,5
8484,5
3950,6
16711,4
17983,6
15266,6
4275,6
20838,6
21465,6
20,7
4605,6
18984,8
27671,6
11873,7
11119,7
6295,5
21614,5
28393,6
2062,5
24708,7
6656,4
13164,5
23664,6
27810,6
6426,6
24168,8
28570,6
24081,6
20812,6
13980,6
9435,8
9482,6
15782,7
9544,6
6009,7
8480,6
13151,8
2945,5
13339,5
26512,5
3080,5
2420,7
8235,4
4435,7
23628,4
2248,5
21143,6
14520,6
5218,6
16795,7
25245,7
22973,6
17410,6
12982,7
1693,8
23410,5
21431,7
2572,5
11859,6
27875,5
7709,5
4286,7
4414,5
20679,7
25528,6
10403,6
10808,7
10061,6
1874,9
19753,5
27018,6
20624,6
25567,6
3149,7
22253,5
2218,5
24312,5
26511,6
15769,8
879,7
25078,6
5714,5
10380,6
22798,6
5580,6
220,6
893,7
15531,7
1951,7
1625,5
22101,5
4779,6
14589,7
29108,6
26089,5
21053,6
28900,7
24028,6
24937,7
27975,5
5629,5
3731,6
23087,6
18297,6
2719,7
8492,8
3522,6
12821,6
26362,4
28764,7
24232,5
16672,6
16171,7
6638,6
4334,6
17005,7
8040,6
4893,6
21693,5
28526,6
21494,5
3542,5
27976,4
1521,7
25526,7
1393,5
6333,4
25792,7
4480,7
19571,6
26239,6
4888,8
17046,6
3198,5
24138,5
9091,6
28700,5
328,8
5190,6
15745,6
3415,7
19894,6
20368,6
4298,5
914,8
4354,5
17162,6
26406,4
23116,4
28516,6
21510,5
17314,6
18543,5
318,7
28914,5
14768,5
26141,5
5035,7
27855,6
4705,6
26504,6
23529,5
27280,5
13491,5
18148,5
26498,4
27818,7
24777,7
12479,6
12792,5
441,8
795,5
28859,5
12421,6
25999,7
6345,6
6447,6
20438,6
17031,6
12757,7
12684,8
28891,5
27448,4
17888,7
24695,5
28211,6
29120,6
24153,6
28644,5
27956,5
15112,6
28584,4
22022,7
14890,6
28260,6
17266,6
23423,7
24567,8
26449,7
27853,6
23027,7
17072,5
19399,6
23824,7
13392,4
29030,7
18305,5
16247,2
24216,7
21152,6
1549,7
551,6
24670,5
7767,4
21855,6
14920,5
2520,6
22607,7
28671,7
16969,7
20126,5
4823,5
21685,7
20342,6
27825,5
15559,6
8340,4
14106,6
23287,5
22327,5
23496,7
13516,2
11082,5
20398,5
13323,7
21858,6
19513,5
18653,6
11110,7
9852,7
4200,7
28618,7
18327,6
21815,7
26034,6
21820,6
13895,6
29073,7
4843,7
19177,6
27759,6
6417,8
2755,5
12015,5
26673,6
1368,7
6353,6
23699,7
28874,5
24718,5
22993,7
5140,7
27797,5
8521,3
27122,6
18717,5
12739,7
23256,7
21364,6
2309,6
26455,5
7890,7
12957,5
22903,7
11129,6
6906,5
22792,7
25534,5
9562,7
26937,5
7657,6
22166,6
16724,5
23067,6
21771,5
16739,7
27597,5
26182,6
21220,5
23690,5
28968,5
26632,6
12448,6
23578,6
9935,4
16029,6
9649,4
7947,7
27498,7
19506,6
22717,5
23943,6
10052,6
28523,6
16706,4
14495,6
14230,7
21280,5
2997,6
15221,5
26128,8
5512,4
7793,6
13776,8
1925,6
958,5
15771,6
28889,5
20563,7
17869,5
27934,6
16851,5
22847,6
28408,7
16663,6
26363,6
22377,6
1274,6
28424,6
9463,8
12481,6
11075,5
21862,7
1060,6
26025,5
26309,4
592,6
12092,8
10909,7
29148,9
20924,2
2295,7
13524,7
20687,6
7792,5
823,7
17041,7
21759,6
20291,8
553,5
16752,8
14490,8
2347,5
17064,8
23444,6
16207,5
26419,5
15842,4
14811,6
6060,8
11140,6
21635,6
27965,4
27478,4
9354,6
10767,4
12668,6
8404,6
6058,6
16221,7
28008,5
7676,6
7346,7
12838,5
13739,7
10617,6
6219,6
15478,4
17816,6
13880,6
27760,4
14699,7
16910,5
22734,6
3172,7
28078,5
21604,5
12850,7
21567,7
23913,7
356,6
26240,5
28641,5
18695,7
21190,5
4915,5
3911,8
25218,5
11141,6
3102,5
28490,6
20272,9
7130,6
25583,5
244,5
11419,7
5662,5
986,7
25787,5
1561,7
18814,7
24303,5
10470,7
14334,7
7625,8
28296,6
12689,5
23715,5
13033,6
20868,1
21370,8
11230,5
15748,8
5161,6
15926,7
24313,7
28381,6
24689,5
5498,4
5999,5
22688,7
14533,5
20472,4
9425,6
21697,4
17960,5
10490,9
15284,6
17665,7
12376,6
14039,5
8968,6
10933,6
1536,5
21244,6
10154,8
5434,8
29134,6
16427,5
26321,5
24870,5
12532,4
18527,5
17000,6
16387,5
19772,5
25036,5
16785,6
13465,4
5519,5
24293,5
25795,5
28689,5
27172,4
27917,7
5481,5
9743,4
13842,7
9688,8
21405,5
17195,8
8240,6
11173,6
25059,6
18561,7
26185,6
21119,5
10810,7
20860,7
25781,5
24743,6
24142,6
5586,7
17604,6
23698,4
1902,7
16299,7
18002,5
14781,4
12187,4
9767,6
1350,7
5158,6
5024,5
3175,4
15425,6
19282,6
17780,6
21047,6
15074,7
21554,5
19951,6
20702,6
7059,5
17849,8
23498,6
9391,6
14348,7
15512,8
23314,6
25558,5
26101,6
18341,4
22190,6
24237,6
14326,4
16683,6
24622,4
20847,6
18724,6
4220,8
840,6
21384,7
21415,6
26622,5
6032,4
14115,5
158,7
28678,5
23946,5
22891,6
23022,7
14415,6
21945,4
16456,7
23735,3
15853,5
27714,5
12269,5
11918,7
17107,7
13539,6
17799,5
19845,5
4296,6
24806,8
18920,6
26273,5
4826,7
2101,6
3265,7
18816,5
13684,5
11681,8
28462,6
21399,6
16730,8
24880,6
21477,4
25825,7
20300,7
26391,6
11304,7
9948,5
10666,8
24211,6
4602,8
2854,5
20682,6
17401,5
28351,6
3114,6
3234,6
28574,6
22317,6
15476,5
11610,4
10098,5
8450,7
5506,6
8995,7
11298,4
19601,7
18765,4
29147,6
27277,5
13557,5
3800,8
23577,6
16453,4
15759,6
16987,6
1041,8
29096,7
29140,5
14173,6
14049,5
18610,5
22750,8
4258,6
27140,5
22450,6
4101,7
559,5
2605,7
10343,7
14761,4
18597,7
17880,6
2637,8
1588,5
4653,7
8064,6
22338,6
27044,5
20910,6
1809,6
152,5
21992,6
1035,7
14996,5
16645,7
25994,5
14831,7
22995,4
25784,6
18218,6
15358,5
12979,7
17927,6
15709,7
26188,4
1582,6
4646,6
1842,7
23705,7
24350,7
28594,5
15204,7
18836,7
10811,6
26288,6
15670,7
27999,5
5267,7
13213,6
22870,4
19787,6
3552,4
4580,5
24848,4
3850,6
24369,6
16821,5
20533,5
25184,6
28799,7
14222,7
5576,7
7234,6
24453,5
7742,7
26982,6
11704,7
20813,7
8217,6
22280,7
12049,6
20776,6
15109,6
5223,7
23334,5
868,8
8722,6
18268,7
270,6
1011,7
28962,6
9816,4
18900,7
8764,6
1700,6
5285,5
29212,7
1812,8
23066,6
13158,4
22588,5
23610,7
8944,6
6428,8
6531,8
26980,5
11223,4
22236,5
1837,5
17901,6
11576,5
9363,6
19935,6
17348,7
23223,7
12474,6
28947,6
26390,8
24115,5
11399,4
10474,7
6111,6
10983,5
3905,6
25419,4
10279,4
20299,4
1655,6
13222,6
8658,7
19619,4
15045,7
24617,5
17384,5
3421,8
24603,4
19529,7
23363,8
15514,6
11718,6
14470,7
9856,7
16048,5
10226,4
27988,6
19252,6
6708,6
8443,5
24198,5
24272,5
15455,7
26400,8
3227,6
10070,6
671,7
14592,5
17926,6
28729,8
3269,7
20178,6
20901,7
4406,6
24679,6
25652,6
7630,6
17485,5
11134,7
12059,7
12042,8
19902,5
24761,4
9512,8
17994,6
26103,6
18016,6
4181,6
25738,6
2075,6
22620,5
10191,5
13114,3
22666,5
24121,6
29121,6
26566,7
12738,6
10944,7
24191,6
25384,5
28101,6
28083,5
22483,6
16374,5
17013,5
593,7
7810,6
4929,6
23308,7
1343,9
18294,6
26898,7
16275,6
27910,5
10821,5
3139,6
18239,5
24864,6
15137,6
10785,7
14834,6
17355,5
20850,7
28103,5
22058,6
7447,6
26291,5
5487,4
18390,8
17160,8
22053,6
17489,8
28940,4
11018,4
4329,5
4976,7
27324,6
18226,7
16507,7
21276,6
14883,7
3532,7
7733,8
23935,6
12417,7
6183,7
10170,6
22212,8
19968,3
25521,6
6038,6
6020,6
16175,6
29001,6
19729,6
3541,5
25740,5
14324,6
12722,4
19266,6
11157,7
17426,6
25287,6
14577,6
1200,9
26250,6
15281,7
18531,7
284,5
20955,7
16090,6
4166,6
21343,6
18785,4
5451,6
24497,5
25283,6
4934,6
4438,7
3430,7
24751,5
5355,7
408,5
28785,5
17553,8
6082,5
24285,6
6352,6
14515,6
23085,6
5497,6
24372,6
5011,6
23209,6
3752,7
175,8
9598,6
14784,7
28979,7
24983,5
16725,7
14952,5
13292,8
2696,5
28038,6
25052,6
8851,4
23128,8
16600,6
23302,6
27982,5
1828,6
11241,4
14678,6
17302,6
1751,7
7880,8
26032,7
17310,7
10932,6
18448,5
24980,7
26587,5
8625,5
25485,4
28001,5
4549,7
9282,7
27016,6
18444,5
7051,6
5794,6
22713,5
8969,6
10701,7
9040,7
27786,5
19636,5
27068,6
28749,6
6196,6
7257,6
27228,6
24098,5
13540,5
19737,5
6495,6
20835,6
18774,5
28383,5
9480,7
5984,5
8610,7
23048,6
25965,5
18008,6
14279,6
26281,5
24341,6
6922,8
18290,5
24552,5
24559,7
21875,6
12013,7
2353,6
6923,7
22231,6
3318,7
1454,8
684,7
26686,6
18713,6
10606,7
12174,6
8994,4
16595,6
20115,4
10612,7
4170,3
9799,7
18440,5
8685,6
6895,7
4253,6
19602,7
24692,5
123,8
29082,7
27864,5
11497,7
16407,7
19178,5
22560,6
19540,5
3565,6
8191,4
26868,7
8485,7
2117,7
11259,7
17235,6
17001,5
9187,5
8239,7
12434,6
3679,5
869,7
19199,4
23469,5
20169,6
24212,5
17545,4
18599,4
9447,7
27517,6
14773,6
17591,7
23146,2
23009,6
27545,7
18734,6
6050,6
25752,5
27398,7
23850,7
13125,7
699,6
16305,7
28888,7
9166,9
316,5
12620,6
1213,7
7929,6
2273,4
17481,5
11795,4
19822,5
7219,6
3526,6
15280,7
28487,5
12078,5
12883,6
13200,7
21088,7
23960,5
7305,7
18884,3
10545,7
20162,6
18453,6
25826,4
18429,7
28927,5
18342,5
13968,7
12067,8
21317,5
21941,7
13919,6
18502,7
28444,5
2833,6
10314,5
4413,6
12603,7
13445,6
25103,7
20992,4
19091,7
6051,7
11962,5
25803,5
13907,7
28380,7
20995,6
10795,4
27468,6
21314,5
28376,7
26238,5
4627,8
19140,5
8820,6
1685,8
19314,5
20350,5
25396,7
26328,5
23836,4
6801,8
26535,5
23653,7
13714,2
13737,5
14879,6
21012,6
12519,7
8418,6
10750,5
10159,7
2616,3
6594,6
23962,7
10341,4
26130,6
6838,8
19103,4
18470,6
22934,7
2366,6
14489,8
2314,5
20123,7
7717,5
8680,6
25025,5
5522,6
14895,3
12699,7
26098,5
25097,7
29075,6
19785,6
24614,4
4278,7
15014,4
5257,7
12345,6
6899,6
14133,4
14953,5
12615,5
25956,6
22652,6
11611,5
13761,6
29046,5
6416,9
5718,8
5483,5
5812,6
12313,6
16536,5
786,6
10231,6
1077,5
22747,6
25133,6
25495,7
20317,6
4610,3
27915,5
25339,7
24543,4
16524,6
21619,5
17970,5
895,6
3747,7
29069,6
18784,6
1731,6
1920,6
15820,5
22235,5
24808,5
21057,3
12272,7
1303,6
12372,7
18112,5
17867,7
15207,8
22892,6
6276,5
25231,5
25221,7
1309,6
26108,7
16937,7
25656,5
759,7
23278,6
19436,6
1155,7
23002,7
18792,8
10391,5
16798,6
24324,6
8642,7
9689,8
174,3
2083,4
28241,7
19850,5
24780,6
25225,7
25513,5
16257,6
23401,6
22286,6
19638,5
138,6
28675,6
17618,7
19485,7
14968,4
3867,4
7220,8
1108,7
27380,6
4657,6
26550,5
22224,4
10550,5
15055,6
19441,5
9353,6
7422,6
12263,4
26732,5
14581,6
20063,8
25003,4
10600,7
21500,6
11207,6
18801,7
19883,7
5348,5
11753,7
11575,6
16390,6
20646,7
7807,8
28758,6
5222,7
263,5
12786,7
6147,7
2143,7
4841,6
7964,7
3953,6
7661,8
12230,8
10101,5
8069,7
27980,5
15209,7
12239,8
1134,5
12570,7
234,5
7450,6
18164,6
23970,7
26274,5
28042,6
28000,4
11427,3
29219,6
4997,6
1349,7
4428,6
14816,6
24134,5
5151,6
10769,5
1403,4
5946,5
15131,5
2219,6
15305,7
27141,6
13614,4
18802,5
107,6
20042,7
19885,5
12009,6
27218,6
26423,4
8461,5
8438,5
11654,5
19255,5
26923,5
1745,6
14599,7
23889,6
27097,7
3720,5
15049,5
3993,4
6019,6
1400,9
26407,7
7878,5
1994,5
28946,5
4366,7
25075,5
2127,7
12813,5
19303,5
26421,7
23000,6
16057,8
28413,5
18671,8
3869,5
19716,7
25168,7
15642,5
7746,7
19924,6
7801,6
8867,4
3131,5
3127,8
18247,6
24753,5
18970,7
5039,6
20509,5
12207,7
9145,5
1660,6
23933,5
22846,7
17182,6
20319,7
26579,4
28060,5
21324,4
16193,7
26069,5
20296,7
16865,5
2751,6
17032,5
24283,5
18396,7
1613,4
24521,6
4647,6
8957,6
27619,7
21804,6
10542,5
23417,6
10120,6
24261,5
17085,5
18237,6
18358,6
9889,7
22556,6
22301,5
25468,7
28039,7
6757,6
3568,6
23479,7
16469,6
8717,6
12472,6
7454,5
3513,9
4614,7
22723,9
28830,6
6680,6
19879,4
5452,6
25537,5
17460,5
2457,5
19960,8
18979,7
23887,6
10553,7
21122,6
23967,6
24904,6
29065,6
1818,4
26453,6
26906,6
25874,6
21135,6
24357,7
22815,5
2477,3
3986,5
21985,6
23243,6
5495,6
10492,6
3629,6
5802,8
2501,4
4238,7
4078,6
17754,8
16642,4
3753,6
17407,7
2181,9
14660,6
28210,5
25953,6
872,7
16779,8
27887,7
1254,5
10352,6
17268,4
19593,7
14291,6
4687,6
15470,6
3620,4
688,6
18546,7
15554,5
11707,6
19769,6
23947,5
5858,6
312,5
12091,5
15083,7
11752,6
26470,5
9382,5
17750,7
9330,8
20561,4
6092,6
6849,4
20617,5
16404,9
20664,6
1915,5
4171,7
8660,5
16638,5
5017,7
15030,5
9438,7
26750,6
27661,5
11469,7
18136,4
21058,5
2604,7
11242,4
2552,7
8542,7
9565,7
21491,6
1921,4
11866,5
2335,7
20577,7
20235,5
22532,5
28950,7
19096,8
16042,6
13259,7
23480,7
3885,5
245,6
22448,5
9537,8
18017,7
19577,5
17567,5
27961,7
7105,6
28265,7
21706,7
1490,7
23565,6
24538,6
11038,5
6197,7
20791,5
20186,7
20332,7
28931,6
9538,4
18252,5
22091,7
1997,5
13765,6
13334,8
9228,6
4669,7
28180,5
28263,6
21427,6
28352,5
2926,4
14558,7
27779,5
28209,5
6538,7
23727,7
29167,6
9198,6
23878,6
22100,6
11159,5
8871,5
20975,5
27630,5
9962,5
23023,6
14431,8
15889,7
25746,6
21680,6
4793,7
14870,3
28212,5
4385,6
26100,6
13197,7
17439,7
11413,3
12487,5
12704,7
12683,8
14255,6
27719,6
28643,5
16420,5
25841,7
11239,7
9904,6
18793,5
20520,6
29174,6
28728,5
15195,5
13004,6
27770,6
4936,6
24942,7
13462,7
11976,6
22725,5
26120,6
2344,5
22419,7
1432,5
3655,6
9199,5
20277,6
25960,5
9085,5
26569,6
16274,6
5799,7
26180,7
1125,3
11629,8
27384,6
61,6
27717,5
25991,5
11350,8
24339,6
15781,5
25995,5
4691,5
21846,7
6450,7
9864,7
12861,4
28102,7
4907,6
20437,6
21668,6
12154,4
7749,8
3745,6
11627,5
22411,6
9317,5
22204,6
26189,7
7274,9
27633,6
4289,5
24194,6
25684,8
5744,7
28422,5
19996,4
15239,6
10230,5
14507,7
737,6
24323,7
14704,5
26494,5
14329,5
643,7
17787,7
6710,5
2710,5
27120,5
6410,6
23049,6
5740,7
8123,5
5248,6
18205,6
17468,5
14532,6
16754,7
26196,6
10324,7
24841,7
25697,7
23981,6
2625,8
29163,6
10756,7
66,6
17704,6
24440,7
6686,5
16121,5
14321,5
10242,7
4740,5
26038,7
8162,8
26343,7
7372,6
25717,7
23757,5
24746,6
14107,6
20921,5
23942,6
9974,5
5454,4
81,7
21674,6
704,6
22885,6
23638,6
7133,4
19596,4
27158,4
6192,7
1296,7
28148,5
17737,8
23484,4
25900,5
28717,6
23397,7
8830,6
7160,8
24408,6
21133,5
14315,8
19195,3
15188,7
4176,3
4440,5
18296,5
4486,8
11154,5
3860,5
13513,5
9887,6
8338,7
18215,8
3783,7
3324,5
11639,8
27617,6
25882,5
22629,6
28386,5
2808,6
12491,7
9696,7
21326,7
102,6
23055,5
4986,7
27386,6
7252,5
27844,5
194,7
5373,5
13995,5
1596,3
16039,6
1416,8
19564,5
9170,5
12237,6
19077,6
10776,6
12123,8
17238,6
172,6
12967,6
5381,5
14446,5
3715,7
1502,6
28070,4
3955,7
17699,6
10629,5
685,6
12304,5
23381,6
19647,6
755,6
18954,5
12330,6
29097,4
7157,9
28747,6
3154,6
9493,6
16367,5
5617,6
19700,5
27071,5
19961,5
21559,6
1463,7
12706,5
873,6
18029,5
2364,6
4941,5
14510,6
26439,6
17227,4
17690,7
15662,6
27609,5
14993,5
20598,5
10272,5
2388,5
5091,7
22956,7
5169,6
11341,8
22320,7
18996,7
3716,8
17659,9
10624,8
21291,6
21857,5
10368,2
24003,5
12984,6
24238,4
12531,4
29031,5
22339,5
7812,5
14441,4
18333,8
28245,5
24110,5
17768,6
23928,5
1456,6
20819,5
24395,5
5453,5
3886,5
16145,6
22025,6
1075,8
15191,4
5001,7
18931,7
23071,8
19609,8
1848,4
18664,7
20654,7
25764,5
5707,8
8496,7
9849,8
18666,6
26296,6
16907,6
16136,6
26905,7
27834,6
9229,7
25165,6
2923,6
23234,4
18842,5
17474,7
1312,5
11930,6
10373,5
14900,7
20601,5
4829,7
21141,7
7057,5
5598,7
12568,7
16297,6
12593,6
19926,5
18549,5
7335,6
15108,7
1247,6
25791,4
19066,6
16051,6
13896,6
19429,5
18365,7
26960,5
5542,8
23311,6
26456,5
13189,5
17733,5
14725,6
3440,6
15658,5
17770,6
11354,7
27541,6
23382,8
22549,7
13905,6
24029,6
2039,3
13315,4
24591,6
4804,6
12811,4
2761,6
6913,7
24546,7
468,3
13783,7
22594,5
9660,6
22758,6
18217,6
16554,7
14336,6
27579,5
25731,6
21472,6
26784,6
5855,6
19751,6
3838,5
13584,4
3671,5
6973,7
8606,5
26659,6
25266,7
23387,5
17530,5
16823,6
47,4
18640,6
6514,7
600,6
8556,6
17422,6
11772,6
18974,6
9885,5
16095,7
14036,5
24623,7
2128,6
5417,6
24288,6
4104,6
5398,5
21791,7
20622,6
15733,4
14684,4
25085,5
7758,5
16902,6
10870,6
19895,6
12987,7
8024,4
12060,7
8370,8
23706,6
24828,6
1763,5
13886,4
29011,4
6,4
14030,6
16585,6
16056,6
27477,4
9249,5
1634,7
25087,5
28288,5
23848,5
17446,6
22736,7
22015,7
9947,5
23400,7
26168,6
19650,8
17643,7
28022,5
4947,6
9655,6
28230,6
18981,6
22714,6
1165,5
1501,5
17242,5
11747,7
18227,7
27500,5
13070,8
11731,7
9034,8
6823,7
7092,6
14947,6
14137,5
2706,6
13505,6
15158,7
5711,4
7180,5
884,3
5407,6
4386,7
27359,5
10270,6
17565,6
18398,6
28664,7
17179,7
11390,4
5979,7
25807,5
15003,6
1279,6
22458,7
5189,6
5566,7
6142,4
26471,7
22989,5
13759,5
28174,6
15674,7
24659,5
24684,7
21170,5
11964,6
5083,7
7185,9
6013,5
11817,7
10886,6
22273,6
26302,6
20046,5
23399,6
27503,6
16503,5
7052,7
28509,6
24127,6
27908,5
17473,7
19958,5
14028,3
6711,7
8566,4
12402,4
17074,5
16856,7
17719,8
21514,4
25372,5
10223,5
5025,5
3445,8
1736,8
28973,6
17708,7
23357,6
1669,7
16583,6
21480,7
18343,7
16885,6
24773,6
21259,5
9371,8
23226,6
26623,5
13814,7
